gene	hap1_time1_n_observed	hap1_time2_n_observed	torin_time1_n_observed	torin_time2_n_observed
RPL4	15	15	15	15
GAPDH	15	15	15	15
RPLP0	15	15	15	15
EEF2	15	15	15	15
HSPA8	15	15	15	15
PKM	15	15	15	15
HNRNPA2B1	15	15	15	15
RPS2	15	15	15	15
NPM1	15	15	15	15
NCL	15	15	15	15
RPL7A	15	15	15	15
RPS6	15	15	15	15
TPT1	15	15	15	15
RPSA	15	15	15	15
RPL5	15	15	15	15
RACK1	15	15	15	15
RPL19	15	15	15	15
RPS3	15	15	15	15
RPS23	15	15	15	15
PEG10	15	15	15	15
ATP5B	15	15	15	15
NONO	15	15	15	15
HNRNPC	15	15	15	15
PGK1	15	15	15	15
RPS11	15	15	15	15
EIF4G2	15	15	15	15
RPL11	15	15	15	15
FLNA	15	15	15	15
RPS14	15	15	15	15
HNRNPK	15	15	15	15
RPS12	15	15	15	15
RPL23A	15	15	15	15
RAN	15	15	15	15
RPL7	15	15	15	15
RPL15	15	15	15	15
HNRNPA3	15	15	15	15
RPL23	15	15	15	15
NACA	15	15	15	15
RPL30	15	15	15	15
RPL37	15	15	15	15
HNRNPU	15	15	15	15
DDX5	15	15	15	15
HMGN2	15	15	15	15
RPS19	15	15	15	15
ATP5A1	15	15	15	15
RPL31	15	15	15	15
RPL12	15	15	15	15
HNRNPH1	15	15	15	15
KPNB1	15	15	15	15
RBM3	15	15	15	15
TUBA1C	15	15	15	15
CCT5	15	15	15	15
HSP90B1	15	15	15	15
ITM2A	15	15	15	15
NUCKS1	15	15	15	15
NAP1L1	15	15	15	15
HNRNPD	15	15	15	15
FUS	15	15	15	15
CCT3	15	15	15	15
MORF4L1	15	15	15	15
RPS13	15	15	15	15
CFL1	15	15	15	15
SFPQ	15	15	15	15
PRDX1	15	15	15	15
HNRNPDL	15	15	15	15
HMGB2	15	15	15	15
RBMX	15	15	15	15
ANXA2	15	15	15	15
PAICS	15	15	15	15
ANP32A	15	15	15	15
ILF3	15	15	15	15
PRPF8	15	15	15	15
RPL28	15	15	15	15
HSPA9	15	15	15	15
IPO5	15	15	15	15
BTF3	15	15	15	15
RPS21	15	15	15	15
DDX17	15	15	15	15
DDX3X	15	15	15	15
PTGES3	15	15	15	15
XRCC5	15	15	15	15
TCP1	15	15	15	15
CCT7	15	15	15	15
CALR	15	15	15	15
HNRNPM	15	15	15	15
PRKDC	15	15	15	15
CSDE1	15	15	15	15
EIF2S3	15	15	15	15
SNRNP200	15	15	15	15
SLC25A3	15	15	15	15
FASN	15	15	15	15
TKT	15	15	15	15
CNBP	15	15	15	15
MCM7	15	15	15	15
VIM	15	15	15	15
EWSR1	15	15	15	15
KPNA2	15	15	15	15
CCT6A	15	15	15	15
NASP	15	15	15	15
TRIM28	15	15	15	15
SSRP1	15	15	15	15
SRSF3	15	15	15	15
MORF4L2	15	15	15	15
ODC1	15	15	15	15
RHOA	15	15	15	15
HDLBP	15	15	15	15
PSMA4	15	15	15	15
SMC1A	15	15	15	15
ANP32B	15	15	15	15
SEPT2	15	15	15	15
VCP	15	15	15	15
XPO1	15	15	15	15
HUWE1	15	15	15	15
CCT2	15	15	15	15
MCM4	15	15	15	15
C1QBP	15	15	15	15
STMN1	15	15	15	15
DHX9	15	15	15	15
EIF4B	15	15	15	15
GANAB	15	15	15	15
RPL9	15	15	15	15
CALM3	15	15	15	15
DDX21	15	15	15	15
EEF1D	15	15	15	15
APP	15	15	15	15
GPC3	15	15	15	15
ILF2	15	15	15	15
MKI67	15	15	15	15
PDIA3	15	15	15	15
EIF3B	15	15	15	15
HACD3	15	15	15	15
OGT	15	15	15	15
EIF3E	15	15	15	15
GDI2	15	15	15	15
B2M	15	15	15	15
KIF1A	15	15	15	15
MAGED1	15	15	15	15
HSPA5	15	15	15	15
SF3B3	15	15	15	15
DHX15	15	15	15	15
EIF3A	15	15	15	15
IARS	15	15	15	15
TPM3	15	15	15	15
MDK	15	15	15	15
CS	15	15	15	15
DYNC1H1	15	15	15	15
STIP1	15	15	15	15
CNOT1	15	15	15	15
SF3B1	15	15	15	15
AHCY	15	15	15	15
RRM2	15	15	15	15
CCT4	15	15	15	15
MSN	15	15	15	15
ST13	15	15	15	15
GPC4	15	15	15	15
NOP56	15	15	15	15
TMPO	15	15	15	15
MDH2	15	15	15	15
CHCHD2	15	15	15	15
EIF5	15	15	15	15
MYO10	15	15	15	15
SUPT16H	15	15	15	15
PCNA	15	15	15	15
SON	15	15	15	15
STAG2	15	15	15	15
RAD21	15	15	15	15
NOLC1	15	15	15	15
EIF4H	15	15	15	15
DDB1	15	15	15	15
HDGF	15	15	15	15
MCM2	15	15	15	15
PCBP1	15	15	15	15
PHB2	15	15	15	15
CHD4	15	15	15	15
HNRNPAB	15	15	15	15
PPP2R1A	15	15	15	15
FBL	15	15	15	15
DEK	15	15	15	15
AEN	15	15	15	15
PDHA1	15	15	15	15
DKC1	15	15	15	15
SRSF7	15	15	15	15
FKBP4	15	15	15	15
YWHAG	15	15	15	15
GPI	15	15	15	15
EIF3M	15	15	15	15
VDAC1	15	15	15	15
CSE1L	15	15	15	15
ATP1A1	15	15	15	15
ATP2A2	15	15	15	15
P4HB	15	15	15	15
U2AF2	15	15	15	15
ETFA	15	15	15	15
PRMT1	15	15	15	15
HNRNPUL1	15	15	15	15
PRDX3	15	15	15	15
CTNNA1	15	15	15	15
MCM3	15	15	15	15
ARHGDIA	15	15	15	15
PSMD2	15	15	15	15
SMC4	15	15	15	15
IPO7	15	15	15	15
UQCRH	15	15	15	15
TUFM	15	15	15	15
EIF3L	15	15	15	15
SF1	15	15	15	15
G3BP1	15	15	15	15
GARS	15	15	15	15
TMBIM6	15	15	15	15
ATP5G3	15	15	15	15
MTHFD2	15	15	15	15
CKAP5	15	15	15	15
FADS2	15	15	15	15
ACLY	15	15	15	15
USP9X	15	15	15	15
SAE1	15	15	15	15
PA2G4	15	15	15	15
RCC2	15	15	15	15
LMNB1	15	15	15	15
FANCI	15	15	15	15
OAZ1	15	15	15	15
DHCR24	15	15	15	15
PHGDH	15	15	15	15
PSAT1	15	15	15	15
SOD1	15	15	15	15
MAZ	15	15	15	15
MYL6	15	15	15	15
ACTR3	15	15	15	15
KHSRP	15	15	15	15
COX4I1	15	15	15	15
BCLAF1	15	15	15	15
TYMS	15	15	15	15
SLC7A5	15	15	15	15
CENPF	15	15	15	15
TPM4	15	15	15	15
ERH	15	15	15	15
USP22	15	15	15	15
NCAPD2	15	15	15	15
ATP5F1	15	15	15	15
PPM1G	15	15	15	15
SRSF5	15	15	15	15
FDFT1	15	15	15	15
PLS3	15	15	15	15
TBCD	15	15	15	15
LAPTM4B	15	15	15	15
YBX3	15	15	15	15
PRRC2C	15	15	15	15
TFRC	15	15	15	15
HDAC2	15	15	15	15
MAP4	15	15	15	15
YWHAB	15	15	15	15
DDX1	15	15	15	15
SMS	15	15	15	15
SF3B2	15	15	15	15
AP2M1	15	15	15	15
POLR2A	15	15	15	15
RPL7L1	15	15	15	15
EIF1AX	15	15	15	15
TSPAN3	15	15	15	15
PDIA6	15	15	15	15
SHMT2	15	15	15	15
MTHFD1	15	15	15	15
STARD7	15	15	15	15
YARS	15	15	15	15
NARS	15	15	15	15
PNN	15	15	15	15
NUDT21	15	15	15	15
BUB3	15	15	15	15
RSL1D1	15	15	15	15
NUP210	15	15	15	15
BZW1	15	15	15	15
PLK1	15	15	15	15
IRAK1	15	15	15	15
NAA50	15	15	15	15
ACTR2	15	15	15	15
BCAT1	15	15	15	15
RRM1	15	15	15	15
PHB	15	15	15	15
PARK7	15	15	15	15
EIF3I	15	15	15	15
MYH9	15	15	15	15
RPN2	15	15	15	15
UQCRC1	15	15	15	15
MARS	15	15	15	15
SERF2	15	15	15	15
MYH10	15	15	15	15
G3BP2	15	15	15	15
PRRC2A	15	15	15	15
MCM6	15	15	15	15
PRRC2B	15	15	15	15
EIF3H	15	15	15	15
PRDX6	15	15	15	15
PSMB1	15	15	15	15
LRPPRC	15	15	15	15
ZNF207	15	15	15	15
CLIC4	15	15	15	15
SMARCC1	15	15	15	15
EFTUD2	15	15	15	15
ADAR	15	15	15	15
SNRNP70	15	15	15	15
WDR1	15	15	15	15
ETF1	15	15	15	15
PRC1	15	15	15	15
AK2	15	15	15	15
PPIF	15	15	15	15
RCN2	15	15	15	15
ENAH	15	15	15	15
HSPA4	15	15	15	15
FDPS	15	15	15	15
RUVBL1	15	15	15	15
APEX1	15	15	15	15
TPX2	15	15	15	15
SARS	15	15	15	15
ZNF664	15	15	15	15
ACIN1	15	15	15	15
ARL6IP1	15	15	15	15
TFDP1	15	15	15	15
RCC1	15	15	15	15
ARPC2	15	15	15	15
LARS	15	15	15	15
GHITM	15	15	15	15
PRPS1	15	15	15	15
HP1BP3	15	15	15	15
HNRNPA0	15	15	15	15
DNMT1	15	15	15	15
LRRC59	15	15	15	15
MYBL2	15	15	15	15
SND1	15	15	15	15
GDI1	15	15	15	15
XPOT	15	15	15	15
NT5DC2	15	15	15	15
NOC2L	15	15	15	15
EIF3D	15	15	15	15
ATP5C1	15	15	15	15
STRAP	15	15	15	15
SLC1A5	15	15	15	15
GOT2	15	15	15	15
PCBP2	15	15	15	15
VARS	15	15	15	15
UBAP2L	15	15	15	15
C11orf58	15	15	15	15
EIF3F	15	15	15	15
PRPF19	15	15	15	15
HMGCS1	15	15	15	15
CLUH	15	15	15	15
ACTN4	15	15	15	15
LUC7L3	15	15	15	15
ANP32E	15	15	15	15
PGD	15	15	15	15
GLO1	15	15	15	15
PSIP1	15	15	15	15
H2AFV	15	15	15	15
AGO2	15	15	15	15
KIF23	15	15	15	15
U2SURP	15	15	15	15
LBR	15	15	15	15
CDC20	15	15	15	15
GSPT1	15	15	15	15
CNN3	15	15	15	15
EPRS	15	15	15	15
PUF60	15	15	15	15
PSMD3	15	15	15	15
HSPH1	15	15	15	15
EIF2S1	15	15	15	15
CAP1	15	15	15	15
SNRPD3	15	15	15	15
HINT1	15	15	15	15
IREB2	15	15	15	15
ARCN1	15	15	15	15
RPN1	15	15	15	15
NUSAP1	15	15	15	15
BAZ1B	15	15	15	15
QKI	15	15	15	15
SLC38A1	15	15	15	15
BRD2	15	15	15	15
PABPC4	15	15	15	15
DAZAP1	15	15	15	15
PSMD8	15	15	15	15
DDX24	15	15	15	15
CDK4	15	15	15	15
KDM1A	15	15	15	15
VBP1	15	15	15	15
CAD	15	15	15	15
RPS15A	15	15	15	15
PSME3	15	15	15	15
MAPRE1	15	15	15	15
MCM5	15	15	15	15
PSMD1	15	15	15	15
UQCRC2	15	15	15	15
SLAIN2	15	15	15	15
KMT2D	15	15	15	15
USP7	15	15	15	15
HDAC9	15	15	15	15
GPX4	15	15	15	15
THOC2	15	15	15	15
WDR82	15	15	15	15
SLC38A5	15	15	15	15
KARS	15	15	15	15
ASNS	15	15	15	15
PRKCSH	15	15	15	15
ANAPC5	15	15	15	15
UQCRB	15	15	15	15
EIF3K	15	15	15	15
SLC3A2	15	15	15	15
POLR2B	15	15	15	15
MDH1	15	15	15	15
ATIC	15	15	15	15
DHFR	15	15	15	15
MTCH2	15	15	15	15
CAPZA1	15	15	15	15
TRIP12	15	15	15	15
SRRT	15	15	15	15
ADH5	15	15	15	15
NDUFV1	15	15	15	15
NAP1L4	15	15	15	15
PSMB2	15	15	15	15
CPSF6	15	15	15	15
METAP2	15	15	15	15
AMD1	15	15	15	15
DDX39A	15	15	15	15
SF3A3	15	15	15	15
PRDX4	15	15	15	15
DDX18	15	15	15	15
EI24	15	15	15	15
HDAC1	15	15	15	15
PSMB3	15	15	15	15
DDX42	15	15	15	15
DDOST	15	15	15	15
RAB7A	15	15	15	15
MRPL3	15	15	15	15
FGFR1	15	15	15	15
CYC1	15	15	15	15
PSMB4	15	15	15	15
QARS	15	15	15	15
CALU	15	15	15	15
BAG6	15	15	15	15
FH	15	15	15	15
CIRBP	15	15	15	15
MTDH	15	15	15	15
UTRN	15	15	15	15
CCNI	15	15	15	15
AES	15	15	15	15
PTMS	15	15	15	15
CLNS1A	15	15	15	15
SSBP1	15	15	15	15
BCAP31	15	15	15	15
NOP58	15	15	15	15
PRMT5	15	15	15	15
GART	15	15	15	15
MLEC	15	15	15	15
THRAP3	15	15	15	15
PYGL	15	15	15	15
DDX23	15	15	15	15
API5	15	15	15	15
WARS	15	15	15	15
CAPNS1	15	15	15	15
SEPHS1	15	15	15	15
MAP1B	15	15	15	15
FBXO22	15	15	15	15
COL2A1	15	15	15	15
FAM168B	15	15	15	15
RBM25	15	15	15	15
TAF15	15	15	15	15
EIF5B	15	15	15	15
PSMB5	15	15	15	15
TMED2	15	15	15	15
SPTBN1	15	15	15	15
DDX39B	15	15	15	15
XPO6	15	15	15	15
PNISR	15	15	15	15
SMARCA5	15	15	15	15
USP14	15	15	15	15
HCFC1	15	15	15	15
ATP5L	15	15	15	15
NUDC	15	15	15	15
ZRANB2	15	15	15	15
XRN2	15	15	15	15
PTPN11	15	15	15	15
SCRN1	15	15	15	15
PSMA3	15	15	15	15
DPPA4	15	15	15	15
FAU	15	15	15	15
NDC1	15	15	15	15
FBLN1	15	15	15	15
SEPT11	15	15	15	15
FKBP1A	15	15	15	15
CDV3	15	15	15	15
HTATSF1	15	15	15	15
PSMB7	15	15	15	15
ZNF711	15	15	15	15
ABCE1	15	15	15	15
LSM4	15	15	15	15
POLD2	15	15	15	15
YME1L1	15	15	15	15
FOXM1	15	15	15	15
RANGAP1	15	15	15	15
UBE2I	15	15	15	15
MLF2	15	15	15	15
PSAP	15	15	15	15
SNRPB	15	15	15	15
SSR4	15	15	15	15
VCL	15	15	15	15
VDAC3	15	15	15	15
EZR	15	15	15	15
SREBF2	15	15	15	15
LONP1	15	15	15	15
UBE2K	15	15	15	15
SLC25A39	15	15	15	15
ADD1	15	15	15	15
HSD17B10	15	15	15	15
CCAR2	15	15	15	15
NUP188	15	15	15	15
GTPBP4	15	15	15	15
KDM5C	15	15	15	15
SRP72	15	15	15	15
ARPC1A	15	15	15	15
AARS	15	15	15	15
DSTN	15	15	15	15
PSMD4	15	15	15	15
C1orf43	15	15	15	15
EIF2AK1	15	15	15	15
EPB41	15	15	15	15
AKAP12	15	15	15	15
CDK16	15	15	15	15
TAF1D	15	15	15	15
PSMC3	15	15	15	15
LAS1L	15	15	15	15
CRTAP	15	15	15	15
NUP205	15	15	15	15
RTN3	15	15	15	15
TMED10	15	15	15	15
RLIM	15	15	15	15
NRDC	15	15	15	15
MSH6	15	15	15	15
TCERG1	15	15	15	15
COPB2	15	15	15	15
NCKAP1	15	15	15	15
TMEM123	15	15	15	15
HMGN5	15	15	15	15
ADNP	15	15	15	15
SPTAN1	15	15	15	15
AIFM1	15	15	15	15
GRSF1	15	15	15	15
HADHA	15	15	15	15
ATXN10	15	15	15	15
SURF4	15	15	15	15
CCAR1	15	15	15	15
CDK1	15	15	15	15
EIF4A3	15	15	15	15
RPA1	15	15	15	15
PYCR1	15	15	15	15
BIRC5	15	15	15	15
SDHA	15	15	15	15
SRPK1	15	15	15	15
CLIC1	15	15	15	15
SNX1	15	15	15	15
FADS1	15	15	15	15
IDH3A	15	15	15	15
SKA2	15	15	15	15
WNK1	15	15	15	15
POLR2F	15	15	15	15
MCMBP	15	15	15	15
EDF1	15	15	15	15
DPYSL5	15	15	15	15
MTA2	15	15	15	15
WDR43	15	15	15	15
SLC38A2	15	15	15	15
TNFRSF10B	15	15	15	15
RBM8A	15	15	15	15
LGALS3BP	15	15	15	15
TPR	15	15	15	15
CDCA7	15	15	15	15
NDUFB9	15	15	15	15
TCOF1	15	15	15	15
SF3A1	15	15	15	15
IQGAP1	15	15	15	15
TM9SF3	15	15	15	15
BCCIP	15	15	15	15
MGEA5	15	15	15	15
WDR6	15	15	15	15
BZW2	15	15	15	15
DNAJC8	15	15	15	15
CLTA	15	15	15	15
ADSL	15	15	15	15
KIAA0100	15	15	15	15
STT3B	15	15	15	15
DNAJC7	15	15	15	15
GCN1	15	15	15	15
EIF3G	15	15	15	15
PTCD3	15	15	15	15
CD164	15	15	15	15
STK26	15	15	15	15
COPS3	15	15	15	15
CELF1	15	15	15	15
HMGCR	15	15	15	15
GMPS	15	15	15	15
DIAPH1	15	15	15	15
KTN1	15	15	15	15
RUVBL2	15	15	15	15
DBN1	15	15	15	15
ACP1	15	15	15	15
UBP1	15	15	15	15
NDUFAB1	15	15	15	15
SZRD1	15	15	15	15
ACOT7	15	15	15	15
SAFB	15	15	15	15
ITGB1	15	15	15	15
ATP6AP1	15	15	15	15
TACC3	15	15	15	15
RTCB	15	15	15	15
CLPX	15	15	15	15
HNRNPH2	15	15	15	15
TSR1	15	15	15	15
UBE2E1	15	15	15	15
MAP4K4	15	15	15	15
LENG8	15	15	15	15
AKT1	15	15	15	15
ACAT1	15	15	15	15
NDUFS1	15	15	15	15
ATP1B3	15	15	15	15
ZWINT	15	15	15	15
NCBP2	15	15	15	15
TCF3	15	15	15	15
PLP2	15	15	15	15
PSMD7	15	15	15	15
RCN1	15	15	15	15
PSMC5	15	15	15	15
TMEM106C	15	15	15	15
SLTM	15	15	15	15
ESD	15	15	15	15
NSUN2	15	15	15	15
UBE2G2	15	15	15	15
DCAF7	15	15	15	15
GRINA	15	15	15	15
FAM208B	15	15	15	15
IARS2	15	15	15	15
KDELR2	15	15	15	15
POLDIP2	15	15	15	15
NELFCD	15	15	15	15
PFKP	15	15	15	15
ALDH18A1	15	15	15	15
TFAM	15	15	15	15
PDIA4	15	15	15	15
SERPINH1	15	15	15	15
POLE3	15	15	15	15
ELOVL5	15	15	15	15
MDC1	15	15	15	15
DLST	15	15	15	15
YWHAH	15	15	15	15
NUMA1	15	15	15	15
RACGAP1	15	15	15	15
EMD	15	15	15	15
TALDO1	15	15	15	15
PSMA5	15	15	15	15
PRPF4B	15	15	15	15
DDX46	15	15	15	15
UBR5	15	15	15	15
GTF2I	15	15	15	15
MTPN	15	15	15	15
FKBP3	15	15	15	15
ARIH2	15	15	15	15
FARSB	15	15	15	15
PPP5C	15	15	15	15
ATP11C	15	15	15	15
SLBP	15	15	15	15
UBR4	15	15	15	15
PAFAH1B1	15	15	15	15
EID1	15	15	15	15
SH3BGRL	15	15	15	15
FAT1	15	15	15	15
MGST1	15	15	15	15
KIF22	15	15	15	15
POLE	15	15	15	15
SETD5	15	15	15	15
OPA1	15	15	15	15
ARHGAP11A	15	15	15	15
AP3D1	15	15	15	15
NCAPG	15	15	15	15
SSR3	15	15	15	15
GLUD1	15	15	15	15
AZIN1	15	15	15	15
CDC123	15	15	15	15
ATXN2L	15	15	15	15
RAF1	15	15	15	15
CHTOP	15	15	15	15
LPCAT1	15	15	15	15
SUGP2	15	15	15	15
PSMD14	15	15	15	15
CAPZB	15	15	15	15
GNB2	15	15	15	15
KIF11	15	15	15	15
COPA	15	15	15	15
MFF	15	15	15	15
STT3A	15	15	15	15
DUT	15	15	15	15
NDUFA10	15	15	15	15
STOML2	15	15	15	15
AKR1B1	15	15	15	15
MTCH1	15	15	15	15
FXR1	15	15	15	15
ZWILCH	15	15	15	15
CKAP2	15	15	15	15
NNT	15	15	15	15
SMARCA1	15	15	15	15
MID1IP1	15	15	15	15
MED14	15	15	15	15
PSMD13	15	15	15	15
SACS	15	15	15	15
ARF3	15	15	15	15
PSMD6	15	15	15	15
ALYREF	15	15	15	15
COPB1	15	15	15	15
BUB1B	15	15	15	15
PFAS	15	15	15	15
LRP6	15	15	15	15
SDHB	15	15	15	15
MFN2	15	15	15	15
PES1	15	15	15	15
PSMD11	15	15	15	15
ARGLU1	15	15	15	15
RABGGTB	15	15	15	15
RALY	15	15	15	15
RRP1B	15	15	15	15
PDCD6IP	15	15	15	15
ACAT2	15	15	15	15
PHF6	15	15	15	15
CD276	15	15	15	15
TRMT112	15	15	15	15
DCTN5	15	15	15	15
GNAI2	15	15	15	15
GGA2	15	15	15	15
KIF20A	15	15	15	15
MYBBP1A	15	15	15	15
UBTF	15	15	15	15
HPRT1	15	15	15	15
MAGED2	15	15	15	15
CKS2	15	15	15	15
LGR4	15	15	15	15
LAMC1	15	15	15	15
SMC3	15	15	15	15
NFE2L1	15	15	15	15
MRPS34	15	15	15	15
WDR61	15	15	15	15
GSE1	15	15	15	15
TOPBP1	15	15	15	15
RANBP2	15	15	15	15
SLC39A14	15	15	15	15
ACO2	15	15	15	15
DARS	15	15	15	15
CTTN	15	15	15	15
SKIV2L2	15	15	15	15
COX6C	15	15	15	15
NAE1	15	15	15	15
LAP3	15	15	15	15
NDUFB10	15	15	15	15
SRSF4	15	15	15	15
TXNL4A	15	15	15	15
APEH	15	15	15	15
FAM96A	15	15	15	15
XPO7	15	15	15	15
FKBP10	15	15	15	15
ZC3H15	15	15	15	15
PRSS12	15	15	15	15
NSA2	15	15	15	15
SMG5	15	15	15	15
ICMT	15	15	15	15
TMEM33	15	15	15	15
NUP160	15	15	15	15
STK25	15	15	15	15
MRTO4	15	15	15	15
CRMP1	15	15	15	15
ZNF146	15	15	15	15
OCIAD1	15	15	15	15
MRPL37	15	15	15	15
ATRX	15	15	15	15
IMMT	15	15	15	15
BPTF	15	15	15	15
SLC7A1	15	15	15	15
HYOU1	15	15	15	15
SEPT9	15	15	15	15
FLOT2	15	15	15	15
SAP18	15	15	15	15
NOL11	15	15	15	15
OAZ2	15	15	15	15
IK	15	15	15	15
NUDT5	15	15	15	15
ASPM	15	15	15	15
WBP11	15	15	15	15
PPT1	15	15	15	15
OAT	15	15	15	15
PSMB6	15	15	15	15
LAMP2	15	15	15	15
FEM1B	15	15	15	15
SSR2	15	15	15	15
SMC2	15	15	15	15
NDUFB11	15	15	15	15
VPS35	15	15	15	15
TMEM259	15	15	15	15
FAM122B	15	15	15	15
SUPT6H	15	15	15	15
SEC13	15	15	15	15
DYNC1LI2	15	15	15	15
CLPTM1L	15	15	15	15
CSK	15	15	15	15
NUP93	15	15	15	15
ASXL1	15	15	15	15
MRPL20	15	15	15	15
SOAT1	15	15	15	15
CNIH1	15	15	15	15
SRI	15	15	15	15
CALD1	15	15	15	15
RFC3	15	15	15	15
KIF4A	15	15	15	15
CPSF7	15	15	15	15
PSMC2	15	15	15	15
DDX6	15	15	15	15
IPO9	15	15	15	15
KMT2C	15	15	15	15
MRPS27	15	15	15	15
ARIH1	15	15	15	15
ATP2C1	15	15	15	15
RBM10	15	15	15	15
GNL2	15	15	15	15
BUB1	15	15	15	15
SNRPF	15	15	15	15
CD63	15	15	15	15
HECTD1	15	15	15	15
NUP107	15	15	15	15
TTLL12	15	15	15	15
PTOV1	15	15	15	15
FARSA	15	15	15	15
ADRM1	15	15	15	15
CENPU	15	15	15	15
HK1	15	15	15	15
SCARB1	15	15	15	15
CORO1C	15	15	15	15
ECT2	15	15	15	15
SIGMAR1	15	15	15	15
NMT1	15	15	15	15
IST1	15	15	15	15
ABCF1	15	15	15	15
KDELR1	15	15	15	15
ERGIC3	15	15	15	15
SNRPA	15	15	15	15
COX5B	15	15	15	15
PDCD5	15	15	15	15
XPO5	15	15	15	15
GLYR1	15	15	15	15
USP1	15	15	15	15
NUP153	15	15	15	15
NAT10	15	15	15	15
ZNF106	15	15	15	15
ATP5J	15	15	15	15
MTHFD1L	15	15	15	15
ANKRD17	15	15	15	15
HMMR	15	15	15	15
USP10	15	15	15	15
CRKL	15	15	15	15
AFG3L2	15	15	15	15
YY1	15	15	15	15
NSD1	15	15	15	15
GNAI3	15	15	15	15
MCM3AP	15	15	15	15
AAMP	15	15	15	15
AURKA	15	15	15	15
ATP10D	15	15	15	15
PSMC1	15	15	15	15
LGALSL	15	15	15	15
RFWD3	15	15	15	15
DNM2	15	15	15	15
LAMP1	15	15	15	15
AHCTF1	15	15	15	15
CKS1B	15	15	15	15
SF3B6	15	15	15	15
DLAT	15	15	15	15
FAM198B	15	15	15	15
FAM120A	15	15	15	15
AKT2	15	15	15	15
TSN	15	15	15	15
KIF2C	15	15	15	15
DYNC1I2	15	15	15	15
FAR1	15	15	15	15
YTHDF2	15	15	15	15
NUP98	15	15	15	15
DLGAP5	15	15	15	15
CTNND1	15	15	15	15
COX7A2	15	15	15	15
PPP1CB	15	15	15	15
CPSF1	15	15	15	15
BAZ2A	15	15	15	15
RBM17	15	15	15	15
ADPGK	15	15	15	15
RABL6	15	15	15	15
FNBP4	15	15	15	15
ELAC2	15	15	15	15
DHX30	15	15	15	15
TNPO3	15	15	15	15
ECHS1	15	15	15	15
GLRX3	15	15	15	15
ATP6AP2	15	15	15	15
DCTN2	15	15	15	15
OXA1L	15	15	15	15
UBFD1	15	15	15	15
INPPL1	15	15	15	15
WDR45B	15	15	15	15
MARCH6	15	15	15	15
UBE2D2	15	15	15	15
LAMTOR4	15	15	15	15
PRPF6	15	15	15	15
COPS2	15	15	15	15
SEPT8	15	15	15	15
PDPN	15	15	15	15
FAM219B	15	15	15	15
RIF1	15	15	15	15
AURKB	15	15	15	15
SSR1	15	15	15	15
RNF10	15	15	15	15
CDCA5	15	15	15	15
LMNA	15	15	15	15
ZMYM3	15	15	15	15
RNF145	15	15	15	15
PTDSS1	15	15	15	15
CENPV	15	15	15	15
NUFIP2	15	15	15	15
ATP5H	15	15	15	15
GTF3C1	15	15	15	15
PPP4R3A	15	15	15	15
ARMT1	15	15	15	15
RAB10	15	15	15	15
TPGS2	15	15	15	15
DDX54	15	15	15	15
CNDP2	15	15	15	15
SPAG5	15	15	15	15
RDX	15	15	15	15
TIMELESS	15	15	15	15
TCF12	15	15	15	15
ACTL6A	15	15	15	15
SLC39A7	15	15	15	15
CUL3	15	15	15	15
EBNA1BP2	15	15	15	15
PICALM	15	15	15	15
CARM1	15	15	15	15
EXOSC10	15	15	15	15
RPL22L1	15	15	15	15
SPCS3	15	15	15	15
ACTN1	15	15	15	15
HMG20A	15	15	15	15
CHAF1A	15	15	15	15
COLGALT1	15	15	15	15
POLA1	15	15	15	15
WAC	15	15	15	15
PTPN9	15	15	15	15
CD81	15	15	15	15
NDUFB4	15	15	15	15
WDR3	15	15	15	15
MRPL4	15	15	15	15
IDI1	15	15	15	15
YES1	15	15	15	15
CPNE3	15	15	15	15
PSMC6	15	15	15	15
MMADHC	15	15	15	15
UBE3A	15	15	15	15
GORASP2	15	15	15	15
PCM1	15	15	15	15
BLMH	15	15	15	15
MTA1	15	15	15	15
SNX2	15	15	15	15
LTA4H	15	15	15	15
BIRC6	15	15	15	15
ZC3H11A	15	15	15	15
KIAA0368	15	15	15	15
AEBP2	15	15	15	15
CCDC14	15	15	15	15
IDH1	15	15	15	15
SUMO3	15	15	15	15
RPRD1A	15	15	15	15
BRK1	15	15	15	15
SNRNP40	15	15	15	15
CERS2	15	15	15	15
SEC62	15	15	15	15
ATP13A3	15	15	15	15
SPAG9	15	15	15	15
C14orf2	15	15	15	15
PJA1	15	15	15	15
HK2	15	15	15	15
HMGN3	15	15	15	15
IMP4	15	15	15	15
TAF9B	15	15	15	15
MAPK1IP1L	15	15	15	15
CMTM4	15	15	15	15
TFG	15	15	15	15
USP39	15	15	15	15
TBC1D14	15	15	15	15
GPS1	15	15	15	15
POLR1A	15	15	15	15
VPS29	15	15	15	15
NPEPPS	15	15	15	15
HSD17B4	15	15	15	15
SUCLG1	15	15	15	15
EIF2A	15	15	15	15
TIMM17A	15	15	15	15
ITM2B	15	15	15	15
CUL1	15	15	15	15
PMPCA	15	15	15	15
NDUFS2	15	15	15	15
DAZAP2	15	15	15	15
ABCF2	15	15	15	15
SLC39A6	15	15	15	15
DNAJA2	15	15	15	15
RBM5	15	15	15	15
MDN1	15	15	15	15
RSRC2	15	15	15	15
DNAJC11	15	15	15	15
SUPT5H	15	15	15	15
PCMT1	15	15	15	15
INCENP	15	15	15	15
USP34	15	15	15	15
NOP2	15	15	15	15
PMPCB	15	15	15	15
PTPRF	15	15	15	15
AAGAB	15	15	15	15
TRIM22	15	15	15	15
RNF40	15	15	15	15
CHTF8	15	15	15	15
HSPA4L	15	15	15	15
KLHDC3	15	15	15	15
BST2	15	15	15	15
UTP4	15	15	15	15
PTTG1	15	15	15	15
UBL7	15	15	15	15
PSMD10	15	15	15	15
HIF1A	15	15	15	15
NCAPG2	15	15	15	15
TRIM24	15	15	15	15
MED24	15	15	15	15
UPF1	15	15	15	15
BAZ1A	15	15	15	15
NUDT3	15	15	15	15
CGGBP1	15	15	15	15
DENND5A	15	15	15	15
METAP1	15	15	15	15
IDH3B	15	15	15	15
PGAM5	15	15	15	15
TPD52L2	15	15	15	15
CLSTN1	15	15	15	15
STK24	15	15	15	15
MSL1	15	15	15	15
TBRG4	15	15	15	15
GTF3A	15	15	15	15
PTAR1	15	15	15	15
EDC3	15	15	15	15
FLII	15	15	15	15
MYCBP2	15	15	15	15
USP11	15	15	15	15
CCDC124	15	15	15	15
DDX56	15	15	15	15
NRAS	15	15	15	15
SMG7	15	15	15	15
CAPN2	15	15	15	15
DCTN1	15	15	15	15
TMX2	15	15	15	15
TM9SF2	15	15	15	15
CLINT1	15	15	15	15
BMS1	15	15	15	15
PQBP1	15	15	15	15
TMCO1	15	15	15	15
USP5	15	15	15	15
SART3	15	15	15	15
LMAN1	15	15	15	15
CD46	15	15	15	15
EFNB1	15	15	15	15
CDC27	15	15	15	15
SEPT6	15	15	15	15
TAOK1	15	15	15	15
SF3A2	15	15	15	15
SRP68	15	15	15	15
DNM1L	15	15	15	15
LSS	15	15	15	15
SLIRP	15	15	15	15
TTC37	15	15	15	15
SQLE	15	15	15	15
PRELID3B	15	15	15	15
POLG	15	15	15	15
DTL	15	15	15	15
COPS6	15	15	15	15
UBE3C	15	15	15	15
PDHB	15	15	15	15
PSMD12	15	15	15	15
CPSF2	15	15	15	15
SSU72	15	15	15	15
ACAA2	15	15	15	15
BRD8	15	15	15	15
PODXL	15	15	15	15
NUP88	15	15	15	15
CMTR1	15	15	15	15
MRPL15	15	15	15	15
MAPKAP1	15	15	15	15
HERC1	15	15	15	15
TRRAP	15	15	15	15
AKIRIN1	15	15	15	15
NDC80	15	15	15	15
NEK9	15	15	15	15
PDCD11	15	15	15	15
YKT6	15	15	15	15
PDCD2	15	15	15	15
SEC63	15	15	15	15
PSMG1	15	15	15	15
PRPF31	15	15	15	15
SEC61G	15	15	15	15
SKP2	15	15	15	15
CKAP4	15	15	15	15
DUS1L	15	15	15	15
DEPDC1	15	15	15	15
POLDIP3	15	15	15	15
KDM3B	15	15	15	15
SMARCB1	15	15	15	15
PAXBP1	15	15	15	15
NIPA2	15	15	15	15
RBBP6	15	15	15	15
DHX36	15	15	15	15
MRPS25	15	15	15	15
LRRC40	15	15	15	15
TRIM25	15	15	15	15
CEBPZ	15	15	15	15
HAT1	15	15	15	15
PBK	15	15	15	15
WDR5	15	15	15	15
IVNS1ABP	15	15	15	15
NSMF	15	15	15	15
PSME4	15	15	15	15
CDC6	15	15	15	15
PTPA	15	15	15	15
ATP6V0B	15	15	15	15
POLR1D	15	15	15	15
MRPS2	15	15	15	15
NUP155	15	15	15	15
TDG	15	15	15	15
MRPL16	15	15	15	15
CPSF3	15	15	15	15
SPG21	15	15	15	15
SDCCAG3	15	15	15	15
CDC42BPB	15	15	15	15
RAI14	15	15	15	15
FAM50A	15	15	15	15
SF3B4	15	15	15	15
TIMM50	15	15	15	15
CHD8	15	15	15	15
PSMF1	15	15	15	15
MRPS11	15	15	15	15
MTOR	15	15	15	15
MGAT4B	15	15	15	15
GTF2F1	15	15	15	15
YLPM1	15	15	15	15
SNRPA1	15	15	15	15
LUC7L2	15	15	15	15
GPAT4	15	15	15	15
PDPR	15	15	15	15
CCDC47	15	15	15	15
ROBO1	15	15	15	15
CSNK1A1	15	15	15	15
FAM199X	15	15	15	15
PANK3	15	15	15	15
OXCT1	15	15	15	15
LARP4	15	15	15	15
CNOT6	15	15	15	15
UACA	15	15	15	15
NIN	15	15	15	15
OSBPL9	15	15	15	15
POMP	15	15	15	15
PFKM	15	15	15	15
QRICH1	15	15	15	15
FSTL1	15	15	15	15
LSM7	15	15	15	15
PEAK1	15	15	15	15
ZFAND6	15	15	15	15
C6orf106	15	15	15	15
NIFK	15	15	15	15
DNAJA3	15	15	15	15
CNOT9	15	15	15	15
SBF1	15	15	15	15
DCAF13	15	15	15	15
MRPL18	15	15	15	15
RPA2	15	15	15	15
MELK	15	15	15	15
GTF3C2	15	15	15	15
FMR1	15	15	15	15
NF1	15	15	15	15
YIPF6	15	15	15	15
DPP7	15	15	15	15
HBS1L	15	15	15	15
PRPF38A	15	15	15	15
UBE2T	15	15	15	15
ANXA1	15	15	15	15
MRPL42	15	15	15	15
GRB10	15	15	15	15
SLC30A9	15	15	15	15
SRPRA	15	15	15	15
TRIP13	15	15	15	15
YTHDC1	15	15	15	15
EPN1	15	15	15	15
IDH3G	15	15	15	15
CTSB	15	15	15	15
DAP3	15	15	15	15
WTAP	15	15	15	15
DNAJC9	15	15	15	15
SDCBP	15	15	15	15
HERC2	15	15	15	15
RFC1	15	15	15	15
NUP58	15	15	15	15
MAPK6	15	15	15	15
CAST	15	15	15	15
HLTF	15	15	15	15
WDR12	15	15	15	15
TTL	15	15	15	15
DROSHA	15	15	15	15
MIB1	15	15	15	15
ADGRV1	15	15	15	15
PPP4R3B	15	15	15	15
RAB2A	15	15	15	15
NOP14	15	15	15	15
SDF4	15	15	15	15
RER1	15	15	15	15
METTL3	15	15	15	15
TTC3	15	15	15	15
PRPF38B	15	15	15	15
MSH2	15	15	15	15
CLPTM1	15	15	15	15
PHF10	15	15	15	15
TXNDC17	15	15	15	15
EIF2B1	15	15	15	15
ZNF638	15	15	15	15
HAX1	15	15	15	15
USO1	15	15	15	15
M6PR	15	15	15	15
NETO2	15	15	15	15
GRB2	15	15	15	15
ST6GAL1	15	15	15	15
SQSTM1	15	15	15	15
TOMM70	15	15	15	15
BASP1	15	15	15	15
GSR	15	15	15	15
UBE2A	15	15	15	15
MECP2	15	15	15	15
CTDSP2	15	15	15	15
MCFD2	15	15	15	15
ME2	15	15	15	15
NUP62	15	15	15	15
AGRN	15	15	15	15
GLG1	15	15	15	15
PSMC4	15	15	15	15
ZNF589	15	15	15	15
CEP78	15	15	15	15
C6orf62	15	15	15	15
DAG1	15	15	15	15
TSR2	15	15	15	15
DICER1	15	15	15	15
LMAN2	15	15	15	15
ATP6V1A	15	15	15	15
AASDHPPT	15	15	15	15
TBL1X	15	15	15	15
JADE1	15	15	15	15
MYEF2	15	15	15	15
DHCR7	15	15	15	15
OCRL	15	15	15	15
MED28	15	15	15	15
GTF2A2	15	15	15	15
REPIN1	15	15	15	15
GMNN	15	15	15	15
DSG2	15	15	15	15
PIP5K1A	15	15	15	15
PJA2	15	15	15	15
PKN1	15	15	15	15
CUTA	15	15	15	15
PABPN1	15	15	15	15
COA1	15	15	15	15
DHX33	15	15	15	15
SDC2	15	15	15	15
RBM6	15	15	15	15
DIDO1	15	15	15	15
SPEN	15	15	15	15
CDCA8	15	15	15	15
DNTTIP2	15	15	15	15
CTCF	15	15	15	15
PPP1R8	15	15	15	15
METTL9	15	15	15	15
SLFN11	15	15	15	15
TXLNG	15	15	15	15
PLA2G16	15	15	15	15
CYB5R3	15	15	15	15
INTS1	15	15	15	15
GTF3C4	15	15	15	15
NUP133	15	15	15	15
TMED9	15	15	15	15
TIMM44	15	15	15	15
ALDH7A1	15	15	15	15
SCAF11	15	15	15	15
SLC4A2	15	15	15	15
USP48	15	15	15	15
KPNA1	15	15	15	15
AP3M1	15	15	15	15
ADIPOR2	15	15	15	15
CREBZF	15	15	15	15
HARS	15	15	15	15
PDCD6	15	15	15	15
GOLM1	15	15	15	15
HADH	15	15	15	15
EXOSC9	15	15	15	15
TAF7	15	15	15	15
SCAMP2	15	15	15	15
TNRC6A	15	15	15	15
HEATR1	15	15	15	15
KIFC1	15	15	15	15
SREBF1	15	15	15	15
KCTD3	15	15	15	15
ITPR3	15	15	15	15
ZKSCAN8	15	15	15	15
RTF1	15	15	15	15
ERGIC1	15	15	15	15
MTA3	15	15	15	15
KNOP1	15	15	15	15
TBC1D16	15	15	15	15
CIAO1	15	15	15	15
SHISA5	15	15	15	15
PPAT	15	15	15	15
UBXN4	15	15	15	15
DMTF1	15	15	15	15
ANXA7	15	15	15	15
FAM192A	15	15	15	15
RARS	15	15	15	15
DRG1	15	15	15	15
LSM5	15	15	15	15
MED1	15	15	15	15
RNF130	15	15	15	15
CDC45	15	15	15	15
HTT	15	15	15	15
PWP1	15	15	15	15
KRR1	15	15	15	15
PLXNB2	15	15	15	15
RBPJ	15	15	15	15
YAP1	15	15	15	15
URI1	15	15	15	15
TIMMDC1	15	15	15	15
DUSP9	15	15	15	15
MAEA	15	15	15	15
MOV10	15	15	15	15
ZMYM2	15	15	15	15
TUBG1	15	15	15	15
ESPL1	15	15	15	15
CD59	15	15	15	15
WDR34	15	15	15	15
SMU1	15	15	15	15
MRPL28	15	15	15	15
NUP85	15	15	15	15
JAM3	15	15	15	15
JTB	15	15	15	15
SLC20A1	15	15	15	15
PELP1	15	15	15	15
HDAC3	15	15	15	15
TTF2	15	15	15	15
NDUFS3	15	15	15	15
CARS	15	15	15	15
MAGOH	15	15	15	15
ZMAT2	15	15	15	15
ASRGL1	15	15	15	15
HM13	15	15	15	15
PFKL	15	15	15	15
GTSF1	15	15	15	15
AFF4	15	15	15	15
TNS3	15	15	15	15
DCTN4	15	15	15	15
CDH6	15	15	15	15
KEAP1	15	15	15	15
EXOC5	15	15	15	15
WLS	15	15	15	15
RBFOX2	15	15	15	15
MTMR1	15	15	15	15
PPP6C	15	15	15	15
SEMA6A	15	15	15	15
C8orf33	15	15	15	15
PHIP	15	15	15	15
ELOVL6	15	15	15	15
FLOT1	15	15	15	15
AAAS	15	15	15	15
GUCD1	15	15	15	15
CDK5RAP2	15	15	15	15
UTP18	15	15	15	15
GLOD4	15	15	15	15
TEX261	15	15	15	15
MRPS9	15	15	15	15
FAF2	15	15	15	15
BNIP2	15	15	15	15
SOD2	15	15	15	15
AURKAIP1	15	15	15	15
GRN	15	15	15	15
TMEM30A	15	15	15	15
KRAS	15	15	15	15
SARAF	15	15	15	15
ADD2	15	15	15	15
MCRS1	15	15	15	15
MBTPS1	15	15	15	15
NCAPH	15	15	15	15
BAP1	15	15	15	15
USP24	15	15	15	15
UQCC2	15	15	15	15
SERPINB6	15	15	15	15
DDX27	15	15	15	15
EIF6	15	15	15	15
ARHGAP5	15	15	15	15
ZC3H7B	15	15	15	15
TCEAL4	15	15	15	15
ZMPSTE24	15	15	15	15
NPM3	15	15	15	15
GPATCH4	15	15	15	15
FGFR2	15	15	15	15
ANKLE2	15	15	15	15
SEC16A	15	15	15	15
MMS19	15	15	15	15
GINS2	15	15	15	15
ANAPC7	15	15	15	15
TENM3	15	15	15	15
SYMPK	15	15	15	15
VHL	15	15	15	15
HADHB	15	15	15	15
POLR2H	15	15	15	15
UROD	15	15	15	15
CHD7	15	15	15	15
EXOSC8	15	15	15	15
LAMTOR5	15	15	15	15
STRN4	15	15	15	15
XPO4	15	15	15	15
WDR75	15	15	15	15
PBRM1	15	15	15	15
SNW1	15	15	15	15
SRP54	15	15	15	15
CIAPIN1	15	15	15	15
AGO1	15	15	15	15
GLUL	15	15	15	15
PIF1	15	15	15	15
FANCD2	15	15	15	15
ENOPH1	15	15	15	15
PHF8	15	15	15	15
ANLN	15	15	15	15
ZC3H13	15	15	15	15
G6PD	15	15	15	15
NPLOC4	15	15	15	15
DTD1	15	15	15	15
ATL2	15	15	15	15
NEMP1	15	15	15	15
RAE1	15	15	15	15
CLN6	15	15	15	15
MYO5A	15	15	15	15
CASC3	15	15	15	15
RB1	15	15	15	15
CTSZ	15	15	15	15
HJURP	15	15	15	15
PSME1	15	15	15	15
DDAH1	15	15	15	15
AP2S1	15	15	15	15
KPNA3	15	15	15	15
FAM208A	15	15	15	15
SERINC1	15	15	15	15
SLC5A6	15	15	15	15
UMPS	15	15	15	15
NDUFS6	15	15	15	15
BTAF1	15	15	15	15
SNF8	15	15	15	15
VMA21	15	15	15	15
PFDN2	15	15	15	15
NELFB	15	15	15	15
GUK1	15	15	15	15
TEAD1	15	15	15	15
NDUFS7	15	15	15	15
SORBS3	15	15	15	15
GFPT1	15	15	15	15
CCNF	15	15	15	15
FTSJ3	15	15	15	15
ZMYM4	15	15	15	15
DIS3	15	15	15	15
SMARCC2	15	15	15	15
CRK	15	15	15	15
RAB8A	15	15	15	15
NADK	15	15	15	15
OGFOD1	15	15	15	15
TXLNA	15	15	15	15
CSTF3	15	15	15	15
MRPS7	15	15	15	15
NCBP1	15	15	15	15
ARHGAP35	15	15	15	15
DEGS1	15	15	15	15
MAD2L2	15	15	15	15
WEE1	15	15	15	15
POLR2C	15	15	15	15
PSPC1	15	15	15	15
AUP1	15	15	15	15
TAF1	15	15	15	15
GFM1	15	15	15	15
FAM98B	15	15	15	15
CHMP4B	15	15	15	15
CNIH4	15	15	15	15
ZMYND8	15	15	15	15
TRIM27	15	15	15	15
SPTBN2	15	15	15	15
AKR1A1	15	15	15	15
CCNC	15	15	15	15
XBP1	15	15	15	15
DARS2	15	15	15	15
PAF1	15	15	15	15
VAT1	15	15	15	15
AREL1	15	15	15	15
TJP1	15	15	15	15
PALLD	15	15	15	15
KNSTRN	15	15	15	15
RAPGEF1	15	15	15	15
NET1	15	15	15	15
MANF	15	15	15	15
NOP16	15	15	15	15
EIF2B5	15	15	15	15
MRPS5	15	15	15	15
GBF1	15	15	15	15
ANAPC15	15	15	15	15
TXNL1	15	15	15	15
GOLIM4	15	15	15	15
UBA3	15	15	15	15
SPDL1	15	15	15	15
SMAD5	15	15	15	15
NOL7	15	15	15	15
VRK1	15	15	15	15
PPP4R1	15	15	15	15
MAPKAPK3	15	15	15	15
RFC4	15	15	15	15
ATN1	15	15	15	15
EZH2	15	15	15	15
UCHL5	15	15	15	15
EXOSC2	15	15	15	15
CNOT3	15	15	15	15
ATP6V1E1	15	15	15	15
PLXNA1	15	15	15	15
COX7A2L	15	15	15	15
CYFIP2	15	15	15	15
EIF2AK4	15	15	15	15
MRPS18B	15	15	15	15
YTHDF3	15	15	15	15
LAPTM4A	15	15	15	15
CBX2	15	15	15	15
VPS25	15	15	15	15
POLR2D	15	15	15	15
DHTKD1	15	15	15	15
GPBP1	15	15	15	15
EPB41L3	15	15	15	15
FAM83D	15	15	15	15
MRPS23	15	15	15	15
IMPAD1	15	15	15	15
ABI2	15	15	15	15
ANKRD52	15	15	15	15
RAB14	15	15	15	15
SETD2	15	15	15	15
ELP2	15	15	15	15
NFATC2IP	15	15	15	15
NDUFA6	15	15	15	15
BRIX1	15	15	15	15
UTP14A	15	15	15	15
NISCH	15	15	15	15
CMPK1	15	15	15	15
MCM8	15	15	15	15
SORT1	15	15	15	15
PPHLN1	15	15	15	15
MRPS15	15	15	15	15
ANKFY1	15	15	15	15
TMEM9	15	15	15	15
ECI1	15	15	15	15
QSER1	15	15	15	15
AQR	15	15	15	15
CD99L2	15	15	15	15
PPP4C	15	15	15	15
TSEN15	15	15	15	15
ADAM15	15	15	15	15
CAPN15	15	15	15	15
CHORDC1	15	15	15	15
DAD1	15	15	15	15
CHPT1	15	15	15	15
KMT5A	15	15	15	15
UGP2	15	15	15	15
DPYSL2	15	15	15	15
KIAA1191	15	15	15	15
ITPK1	15	15	15	15
LRPAP1	15	15	15	15
RBM14	15	15	15	15
GEMIN4	15	15	15	15
NFYB	15	15	15	15
POLA2	15	15	15	15
NQO1	15	15	15	15
CIZ1	15	15	15	15
AGPS	15	15	15	15
MARK3	15	15	15	15
SCO1	15	15	15	15
TUBGCP2	15	15	15	15
ABHD2	15	15	15	15
PPP2R2A	15	15	15	15
GTPBP1	15	15	15	15
CNP	15	15	15	15
ALDH1B1	15	15	15	15
HAUS6	15	15	15	15
MCTS1	15	15	15	15
TUB	15	15	15	15
TLE3	15	15	15	15
DCTD	15	15	15	15
NEO1	15	15	15	15
DHX38	15	15	15	15
ATP6V1B2	15	15	15	15
OXSR1	15	15	15	15
TRAF4	15	15	15	15
UBXN7	15	15	15	15
RRP1	15	15	15	15
NXN	15	15	15	15
PNP	15	15	15	15
DNAAF5	15	15	15	15
DAP	15	15	15	15
COL6A1	15	15	15	15
NME1	15	15	15	15
ASF1B	15	15	15	15
PNPT1	15	15	15	15
PCNT	15	15	15	15
OTUD5	15	15	15	15
GOT1	15	15	15	15
ZNF326	15	15	15	15
MRPL11	15	15	15	15
DGCR8	15	15	15	15
NDUFA12	15	15	15	15
AATF	15	15	15	15
CTNNAL1	15	15	15	15
CHN1	15	15	15	15
CDH2	15	15	15	15
CCNB1IP1	15	15	15	15
DPP8	15	15	15	15
SNX6	15	15	15	15
EIF2AK2	15	15	15	15
UBE2G1	15	15	15	15
RAD50	15	15	15	15
IGF2R	15	15	15	15
SLC7A6	15	15	15	15
KIF2A	15	15	15	15
ESYT1	15	15	15	15
EMC1	15	15	15	15
LSG1	15	15	15	15
DCAF1	15	15	15	15
NOL6	15	15	15	15
AIMP2	15	15	15	15
GTF3C5	15	15	15	15
TRIM9	15	15	15	15
NDUFA8	15	15	15	15
LARP4B	15	15	15	15
WDR33	15	15	15	15
IWS1	15	15	15	15
DHX8	15	15	15	15
EMC4	15	15	15	15
NOB1	15	15	15	15
PLRG1	15	15	15	15
MRPL35	15	15	15	15
DNAJB6	15	15	15	15
PAWR	15	15	15	15
NIPSNAP1	15	15	15	15
NUDCD2	15	15	15	15
RMND5A	15	15	15	15
CAPN1	15	15	15	15
SUZ12	15	15	15	15
CENPH	15	15	15	15
CDC25A	15	15	15	15
DGUOK	15	15	15	15
IGBP1	15	15	15	15
PHKB	15	15	15	15
GRWD1	15	15	15	15
AGFG1	15	15	15	15
SENP6	15	15	15	15
FERMT2	15	15	15	15
SNX17	15	15	15	15
TOMM34	15	15	15	15
DESI2	15	15	15	15
EARS2	15	15	15	15
FTSJ1	15	15	15	15
ARFGAP2	15	15	15	15
PLEKHA5	15	15	15	15
LIG1	15	15	15	15
SEH1L	15	15	15	15
RBX1	15	15	15	15
DYNLT1	15	15	15	15
DCAF12	15	15	15	15
PUM3	15	15	15	15
ECI2	15	15	15	15
EML4	15	15	15	15
NCBP3	15	15	15	15
G6PC3	15	15	15	15
GOLPH3	15	15	15	15
GYG1	15	15	15	15
FBXW2	15	15	15	15
ZC3H7A	15	15	15	15
CHMP1A	15	15	15	15
POLR3E	15	15	15	15
MAP1LC3B	15	15	15	15
ENOSF1	15	15	15	15
KDELC2	15	15	15	15
MRPL13	15	15	15	15
TBL1XR1	15	15	15	15
LRRC8B	15	15	15	15
ERAL1	15	15	15	15
TGOLN2	15	15	15	15
SETD7	15	15	15	15
PFDN1	15	15	15	15
SLC35B4	15	15	15	15
POLR2G	15	15	15	15
ARMC6	15	15	15	15
TIPIN	15	15	15	15
UBQLN2	15	15	15	15
RPAIN	15	15	15	15
AGPAT1	15	15	15	15
PI4KA	15	15	15	15
UTP6	15	15	15	15
DIS3L	15	15	15	15
NIPBL	15	15	15	15
SUPT20H	15	15	15	15
PPP1R7	15	15	15	15
AKAP13	15	15	15	15
GIGYF2	15	15	15	15
MAT2B	15	15	15	15
TACC1	15	15	15	15
PCID2	15	15	15	15
CTR9	15	15	15	15
DTYMK	15	15	15	15
DR1	15	15	15	15
CEP170	15	15	15	15
POR	15	15	15	15
BFAR	15	15	15	15
USF2	15	15	15	15
LARP7	15	15	15	15
DCP2	15	15	15	15
ANKRD40	15	15	15	15
CHERP	15	15	15	15
RNF4	15	15	15	15
DNAJC10	15	15	15	15
AMER1	15	15	15	15
MAVS	15	15	15	15
MARCH7	15	15	15	15
DSP	15	15	15	15
TIMM17B	15	15	15	15
PREPL	15	15	15	15
GTSE1	15	15	15	15
MED12	15	15	15	15
COX15	15	15	15	15
LPGAT1	15	15	15	15
UGGT1	15	15	15	15
NUP54	15	15	15	15
ORC6	15	15	15	15
RNF220	15	15	15	15
MRPL21	15	15	15	15
ICE1	15	15	15	15
USP47	15	15	15	15
UPF3A	15	15	15	15
ATAD1	15	15	15	15
MLH1	15	15	15	15
ASAP1	15	15	15	15
HOMER2	15	15	15	15
LRRC41	15	15	15	15
CEBPG	15	15	15	15
PIAS1	15	15	15	15
CPT1A	15	15	15	15
SLC7A11	15	15	15	15
POLD1	15	15	15	15
ZNF24	15	15	15	15
HSPA14	15	15	15	15
POLR1B	15	15	15	15
SUPT4H1	15	15	15	15
XPC	15	15	15	15
PHF5A	15	15	15	15
PPP2R1B	15	15	15	15
CDC16	15	15	15	15
ZNF598	15	15	15	15
NDUFB5	15	15	15	15
DYNC1LI1	15	15	15	15
PRPF3	15	15	15	15
ASH2L	15	15	15	15
SPIN1	15	15	15	15
RPS19BP1	15	15	15	15
COG4	15	15	15	15
GID8	15	15	15	15
FXYD5	15	15	15	15
RDH11	15	15	15	15
NDST1	15	15	15	15
ARAF	15	15	15	15
C7orf50	15	15	15	15
APMAP	15	15	15	15
CDT1	15	15	15	15
UNG	15	15	15	15
WWTR1	15	15	15	15
PRCP	15	15	15	15
SYNE2	15	15	15	15
CSNK1G2	15	15	15	15
LARS2	15	15	15	15
PIK3C2A	15	15	15	15
DHX40	15	15	15	15
KMT2E	15	15	15	15
UQCC1	15	15	15	15
GALNT2	15	15	15	15
PTGFRN	15	15	15	15
CDCA7L	15	15	15	15
PDXDC1	15	15	15	15
PPM1B	15	15	15	15
MRPL47	15	15	15	15
HDAC6	15	15	15	15
FBXO9	15	15	15	15
CENPE	15	15	15	15
VAMP3	15	15	15	15
PHF19	15	15	15	15
GLS	15	15	15	15
UBXN1	15	15	15	15
GINS1	15	15	15	15
KIDINS220	15	15	15	15
DFFA	15	15	15	15
WDR26	15	15	15	15
WDR46	15	15	15	15
MRPL19	15	15	15	15
POLR3H	15	15	15	15
UHMK1	15	15	15	15
RCHY1	15	15	15	15
MCM10	15	15	15	15
FEZ1	15	15	15	15
BBX	15	15	15	15
ARHGAP21	15	15	15	15
RAB18	15	15	15	15
PPP1R15B	15	15	15	15
TK1	15	15	15	15
COPRS	15	15	15	15
AKAP1	15	15	15	15
RBM33	15	15	15	15
TRMU	15	15	15	15
TMEM109	15	15	15	15
TRPC4AP	15	15	15	15
GDE1	15	15	15	15
PITRM1	15	15	15	15
DNAJC5	15	15	15	15
STAG1	15	15	15	15
RFC5	15	15	15	15
WDHD1	15	15	15	15
EVL	15	15	15	15
LYAR	15	15	15	15
TMA16	15	15	15	15
SART1	15	15	15	15
ATP6V0E2	15	15	15	15
PRPF4	15	15	15	15
GTF3C6	15	15	15	15
RAB15	15	15	15	15
GPT2	15	15	15	15
TRAF7	15	15	15	15
CLASP2	15	15	15	15
CDKN3	15	15	15	15
COPS4	15	15	15	15
ALG13	15	15	15	15
TBCB	15	15	15	15
NUDCD3	15	15	15	15
SLC2A1	15	15	15	15
MCCC2	15	15	15	15
NT5C3B	15	15	15	15
NECTIN2	15	15	15	15
DIP2B	15	15	15	15
GMPR2	15	15	15	15
RANBP3	15	15	15	15
CDC25B	15	15	15	15
MKLN1	15	15	15	15
ITGB1BP1	15	15	15	15
FBXO7	15	15	15	15
BRCA1	15	15	15	15
GPATCH8	15	15	15	15
ZBTB33	15	15	15	15
RRP36	15	15	15	15
DNAJC2	15	15	15	15
PRPS2	15	15	15	15
EDC4	15	15	15	15
TRAM1	15	15	15	15
HMGA2	15	15	15	15
DCUN1D5	15	15	15	15
IVD	15	15	15	15
COPS8	15	15	15	15
SENP2	15	15	15	15
DGCR2	15	15	15	15
NSDHL	15	15	15	15
FOXRED1	15	15	15	15
ACADVL	15	15	15	15
ATP13A1	15	15	15	15
EPB41L2	15	15	15	15
SUGT1	15	15	15	15
SIKE1	15	15	15	15
ADGRL1	15	15	15	15
MAP7D1	15	15	15	15
PTPRU	15	15	15	15
ERCC3	15	15	15	15
ABCC1	15	15	15	15
NXF1	15	15	15	15
ELP5	15	15	15	15
MRPS35	15	15	15	15
GNPTAB	15	15	15	15
ODF2	15	15	15	15
SH3GL1	15	15	15	15
SMAD4	15	15	15	15
TRIAP1	15	15	15	15
WDR18	15	15	15	15
TXNDC12	15	15	15	15
OS9	15	15	15	15
PTTG1IP	15	15	15	15
HECTD4	15	15	15	15
MCUR1	15	15	15	15
PKMYT1	15	15	15	15
EFCAB14	15	15	15	15
SCAP	15	15	15	15
NCAPH2	15	15	15	15
FAM98A	15	15	15	15
LRRFIP1	15	15	15	15
METTL17	15	15	15	15
MAML1	15	15	15	15
PKP4	15	15	15	15
PUS1	15	15	15	15
ACO1	15	15	15	15
MPST	15	15	15	15
DOT1L	15	15	15	15
COASY	15	15	15	15
HMCES	15	15	15	15
DAXX	15	15	15	15
CMBL	15	15	15	15
CCDC50	15	15	15	15
SLC25A23	15	15	15	15
BRCC3	15	15	15	15
NFYC	15	15	15	15
PITHD1	15	15	15	15
DDX41	15	15	15	15
EHMT1	15	15	15	15
UHRF1BP1	15	15	15	15
PLK4	15	15	15	15
VEZT	15	15	15	15
GRHPR	15	15	15	15
ADNP2	15	15	15	15
LETMD1	15	15	15	15
LDLR	15	15	15	15
CLK3	15	15	15	15
EHMT2	15	15	15	15
MAN2C1	15	15	15	15
PCNX1	15	15	15	15
C15orf39	15	15	15	15
FYTTD1	15	15	15	15
CPNE7	15	15	15	15
SLC7A3	15	15	15	15
SAFB2	15	15	15	15
GGH	15	15	15	15
E2F4	15	15	15	15
FBXO11	15	15	15	15
UBE2H	15	15	15	15
THUMPD3	15	15	15	15
DLG5	15	15	15	15
MGME1	15	15	15	15
NPTX1	15	15	15	15
SMARCAD1	15	15	15	15
AGPAT5	15	15	15	15
ZDHHC20	15	15	15	15
TSG101	15	15	15	15
UBE2O	15	15	15	15
UBAP2	15	15	15	15
UXT	15	15	15	15
CTDSPL2	15	15	15	15
NDUFA5	15	15	15	15
GRK2	15	15	15	15
PPID	15	15	15	15
LONP2	15	15	15	15
PPP1R12A	15	15	15	15
SEPHS2	15	15	15	15
ADCY3	15	15	15	15
UBR7	15	15	15	15
ZDHHC5	15	15	15	15
UTP3	15	15	15	15
NES	15	15	15	15
CHAMP1	15	15	15	15
CDC23	15	15	15	15
RMDN1	15	15	15	15
GNS	15	15	15	15
DESI1	15	15	15	15
NUP214	15	15	15	15
UPF3B	15	15	15	15
PPP3R1	15	15	15	15
GSS	15	15	15	15
CSTF2	15	15	15	15
TAX1BP1	15	15	15	15
RBM28	15	15	15	15
AMZ2	15	15	15	15
MFNG	15	15	15	15
DPF2	15	15	15	15
ZC3H14	15	15	15	15
NBR1	15	15	15	15
CCP110	15	15	15	15
ICE2	15	15	15	15
CCNK	15	15	15	15
LY6E	15	15	15	15
CDC7	15	15	15	15
C2CD5	15	15	15	15
SC5D	15	15	15	15
ATXN7L3	15	15	15	15
TTC19	15	15	15	15
RCC1L	15	15	15	15
PAPOLA	15	15	15	15
ERI3	15	15	15	15
UTP20	15	15	15	15
E2F3	15	15	15	15
INTS8	15	15	15	15
GCLC	15	15	15	15
OBSL1	15	15	15	15
SRPRB	15	15	15	15
ME1	15	15	15	15
NKRF	15	15	15	15
HGS	15	15	15	15
BAX	15	15	15	15
DPM1	15	15	15	15
GAPVD1	15	15	15	15
RECQL4	15	15	15	15
ITSN1	15	15	15	15
USP33	15	15	15	15
ANKRD10	15	15	15	15
STAT3	15	15	15	15
DDI2	15	15	15	15
SMARCE1	15	15	15	15
ATF7IP	15	15	15	15
WAPL	15	15	15	15
MAP4K5	15	15	15	15
GSTO1	15	15	15	15
RNMT	15	15	15	15
FERMT1	15	15	15	15
ATP6V0E1	15	15	15	15
VMP1	15	15	15	15
RALBP1	15	15	15	15
EXOC7	15	15	15	15
NAA25	15	15	15	15
THAP4	15	15	15	15
AMFR	15	15	15	15
PCCB	15	15	15	15
CHEK1	15	15	15	15
MTMR2	15	15	15	15
CNOT2	15	15	15	15
MRPL39	15	15	15	15
RFC2	15	15	15	15
TAF6	15	15	15	15
ATRAID	15	15	15	15
MYDGF	15	15	15	15
PPIH	15	15	15	15
AR	15	15	15	15
CHMP5	15	15	15	15
ALDH3A2	15	15	15	15
OTUD4	15	15	15	15
XIAP	15	15	15	15
ASCC3	15	15	15	15
RRBP1	15	15	15	15
PNO1	15	15	15	15
TMED4	15	15	15	15
TMEM248	15	15	15	15
ZNF592	15	15	15	15
DHX16	15	15	15	15
GTF2H3	15	15	15	15
RNF114	15	15	15	15
MTIF2	15	15	15	15
NOP9	15	15	15	15
AIMP1	15	15	15	15
RSF1	15	15	15	15
UBE2Z	15	15	15	15
B4GALT2	15	15	15	15
CENPO	15	15	15	15
RPS6KA3	15	15	15	15
LIG3	15	15	15	15
PHF14	15	15	15	15
PCF11	15	15	15	15
ADGRA3	15	15	15	15
TMEM245	15	15	15	15
CLASP1	15	15	15	15
R3HDM1	15	15	15	15
FKBP5	15	15	15	15
TP53BP1	15	15	15	15
ANXA11	15	15	15	15
KPNA4	15	15	15	15
FAM91A1	15	15	15	15
LUC7L	15	15	15	15
WIZ	15	15	15	15
TRIM2	15	15	15	15
HAUS1	15	15	15	15
ASPH	15	15	15	15
GFM2	15	15	15	15
SUCLA2	15	15	15	15
MRPS10	15	15	15	15
UBA6	15	15	15	15
ALDH9A1	15	15	15	15
NUP37	15	15	15	15
PTK7	15	15	15	15
MBD1	15	15	15	15
CDC5L	15	15	15	15
NAA10	15	15	15	15
POLR3D	15	15	15	15
RAD51C	15	15	15	15
RPF2	15	15	15	15
RRP9	15	15	15	15
SOGA1	15	15	15	15
SNRNP25	15	15	15	15
ORC1	15	15	15	15
SORD	15	15	15	15
PRMT7	15	15	15	15
TMEM98	15	15	15	15
ATMIN	15	15	15	15
TAB2	15	15	15	15
POFUT1	15	15	15	15
TMEM183A	15	15	15	15
LASP1	15	15	15	15
CPNE1	15	15	15	15
GTF3C3	15	15	15	15
DBF4	15	15	15	15
CDC42BPA	15	15	15	15
PTPRA	15	15	15	15
PDLIM1	15	15	15	15
USP19	15	15	15	15
ASNA1	15	15	15	15
N4BP2L2	15	15	15	15
GIT1	15	15	15	15
NSFL1C	15	15	15	15
MXRA7	15	15	15	15
TEX10	15	15	15	15
SECISBP2	15	15	15	15
CCDC88A	15	15	15	15
MRPL27	15	15	15	15
NTMT1	15	15	15	15
SRF	15	15	15	15
UBE4A	15	15	15	15
TONSL	15	15	15	15
MPDU1	15	15	15	15
TAF2	15	15	15	15
SPG7	15	15	15	15
ATG3	15	15	15	15
SHMT1	15	15	15	15
FCF1	15	15	15	15
PRCC	15	15	15	15
ABLIM1	15	15	15	15
RNF26	15	15	15	15
SYPL1	15	15	15	15
TPD52	15	15	15	15
MRRF	15	15	15	15
PLXNA3	15	15	15	15
MUM1	15	15	15	15
CASK	15	15	15	15
SMC6	15	15	15	15
PDXK	15	15	15	15
SLC37A4	15	15	15	15
COPE	15	15	15	15
FAF1	15	15	15	15
KANSL3	15	15	15	15
IDH2	15	15	15	15
CXXC1	15	15	15	15
ARL1	15	15	15	15
FBXO18	15	15	15	15
MRPL32	15	15	15	15
CNOT11	15	15	15	15
STK11	15	15	15	15
JOSD1	15	15	15	15
CHAF1B	15	15	15	15
ARL5B	15	15	15	15
ABCB7	15	15	15	15
PRRC1	15	15	15	15
TMEM131	15	15	15	15
GPBP1L1	15	15	15	15
TMEM2	15	15	15	15
FBXW5	15	15	15	15
SFSWAP	15	15	15	15
JUP	15	15	15	15
NUP43	15	15	15	15
RERE	15	15	15	15
GNL1	15	15	15	15
SSBP3	15	15	15	15
HACD2	15	15	15	15
PARN	15	15	15	15
SLC39A9	15	15	15	15
NSMCE4A	15	15	15	15
WDR74	15	15	15	15
SCML1	15	15	15	15
IDE	15	15	15	15
GIGYF1	15	15	15	15
TRIM33	15	15	15	15
CUL2	15	15	15	15
VTI1B	15	15	15	15
DCAF16	15	15	15	15
ACSL3	15	15	15	15
RNASEH2A	15	15	15	15
CHD1L	15	15	15	15
CDK5RAP3	15	15	15	15
MOCS2	15	15	15	15
PCK2	15	15	15	15
SYAP1	15	15	15	15
TICRR	15	15	15	15
HMOX2	15	15	15	15
GRIPAP1	15	15	15	15
ISCU	15	15	15	15
GABARAPL2	15	15	15	15
NEPRO	15	15	15	15
BUD31	15	15	15	15
LIN7A	15	15	15	15
LEPROTL1	15	15	15	15
MTUS1	15	15	15	15
WNK2	15	15	15	15
BYSL	15	15	15	15
TFE3	15	15	15	15
GYS1	15	15	15	15
AP1M1	15	15	15	15
VTA1	15	15	15	15
DERL1	15	15	15	15
UNC13B	15	15	15	15
TTK	15	15	15	15
CARS2	15	15	15	15
ABHD17C	15	15	15	15
AKAP8L	15	15	15	15
ADAM10	15	15	15	15
FANCA	15	15	15	15
MEA1	15	15	15	15
KIF20B	15	15	15	15
SLC25A46	15	15	15	15
RNF213	15	15	15	15
SMAD3	15	15	15	15
STC2	15	15	15	15
LAMB2	15	15	15	15
ORC3	15	15	15	15
PUS7	15	15	15	15
MRPL9	15	15	15	15
MSMO1	15	15	15	15
WDFY3	15	15	15	15
ZC3H18	15	15	15	15
URM1	15	15	15	15
RECQL	15	15	15	15
TROAP	15	15	15	15
USP36	15	15	15	15
SBNO1	15	15	15	15
PFDN6	15	15	15	15
CEP192	15	15	15	15
SMAD2	15	15	15	15
PHF3	15	15	15	15
IPO8	15	15	15	15
MRI1	15	15	15	15
HCCS	15	15	15	15
GLA	15	15	15	15
PRR14L	15	15	15	15
LSM2	15	15	15	15
MRPL17	15	15	15	15
PPFIA2	15	15	15	15
SWAP70	15	15	15	15
STUB1	15	15	15	15
CARHSP1	15	15	15	15
BOD1	15	15	15	15
RBM42	15	15	15	15
ZNF618	15	15	15	15
CEP55	15	15	15	15
ARMC1	15	15	15	15
FAM53C	15	15	15	15
C11orf84	15	15	15	15
GNG12	15	15	15	15
HELZ	15	15	15	15
BRD3	15	15	15	15
INTS3	15	15	15	15
PEF1	15	15	15	15
MKRN1	15	15	15	15
KLHL5	15	15	15	15
GAK	15	15	15	15
GPX8	15	15	15	15
METTL13	15	15	15	15
TTC28	15	15	15	15
URB1	15	15	15	15
THOC7	15	15	15	15
ADIPOR1	15	15	15	15
GUF1	15	15	15	15
CLSPN	15	15	15	15
UNC45A	15	15	15	15
ANKRD50	15	15	15	15
MAGEF1	15	15	15	15
ALG3	15	15	15	15
RRN3	15	15	15	15
NFX1	15	15	15	15
BRI3BP	15	15	15	15
MTR	15	15	15	15
EXTL3	15	15	15	15
ARL2BP	15	15	15	15
RTFDC1	15	15	15	15
PRMT2	15	15	15	15
WDR73	15	15	15	15
PCGF3	15	15	15	15
MAGOHB	15	15	15	15
ORC4	15	15	15	15
ALKBH5	15	15	15	15
NCOA6	15	15	15	15
SLC38A10	15	15	15	15
KAT6A	15	15	15	15
METTL5	15	15	15	15
PREB	15	15	15	15
ARL6IP6	15	15	15	15
BOD1L1	15	15	15	15
DEPDC1B	15	15	15	15
PCDH18	15	15	15	15
RNPEP	15	15	15	15
LZTS2	15	15	15	15
DEF8	15	15	15	15
ATG13	15	15	15	15
HIPK1	15	15	15	15
PROSER1	15	15	15	15
PACSIN2	15	15	15	15
NFIC	15	15	15	15
ANTXR1	15	15	15	15
PKD1	15	15	15	15
GPX3	15	15	15	15
MPHOSPH8	15	15	15	15
YTHDF1	15	15	15	15
STX16	15	15	15	15
C6orf89	15	15	15	15
DBNL	15	15	15	15
QTRT2	15	15	15	15
LRP8	15	15	15	15
C9orf78	15	15	15	15
TM7SF3	15	15	15	15
FBRSL1	15	15	15	15
NAA20	15	15	15	15
COPS5	15	15	15	15
EIF2B3	15	15	15	15
UBE2J2	15	15	15	15
SH3PXD2B	15	15	15	15
PMP22	15	15	15	15
HDDC2	15	15	15	15
GTF2F2	15	15	15	15
HEBP2	15	15	15	15
YTHDC2	15	15	15	15
TMEM164	15	15	15	15
ATM	15	15	15	15
NFE2L2	15	15	15	15
TMX3	15	15	15	15
ELK1	15	15	15	15
PARL	15	15	15	15
RAB3GAP1	15	15	15	15
ISG20L2	15	15	15	15
ABCA3	15	15	15	15
TMEM165	15	15	15	15
NELFA	15	15	15	15
NAMPT	15	15	15	15
PGM3	15	15	15	15
DPH2	15	15	15	15
NFRKB	15	15	15	15
TRAPPC4	15	15	15	15
TNKS1BP1	15	15	15	15
GEMIN5	15	15	15	15
CHMP2A	15	15	15	15
AGAP3	15	15	15	15
PDCD7	15	15	15	15
CHD9	15	15	15	15
WDR11	15	15	15	15
MEPCE	15	15	15	15
IP6K2	15	15	15	15
BRWD3	15	15	15	15
NKIRAS2	15	15	15	15
TBC1D2B	15	15	15	15
SAP30BP	15	15	15	15
PIGS	15	15	15	15
TMEM181	15	15	15	15
ITPA	15	15	15	15
MRPS30	15	15	15	15
BDP1	15	15	15	15
SLC35B1	15	15	15	15
RNASEH2B	15	15	15	15
ZFP91	15	15	15	15
TGFBR1	15	15	15	15
INTS10	15	15	15	15
NABP2	15	15	15	15
PRKACA	15	15	15	15
FLAD1	15	15	15	15
REPS1	15	15	15	15
CPD	15	15	15	15
ZBED5	15	15	15	15
CAMSAP2	15	15	15	15
ARRB2	15	15	15	15
CD9	15	15	15	15
NOL8	15	15	15	15
ATP2B1	15	15	15	15
SMNDC1	15	15	15	15
COX11	15	15	15	15
PBX1	15	15	15	15
SH3GLB1	15	15	15	15
LAMA5	15	15	15	15
PHRF1	15	15	15	15
PHTF2	15	15	15	15
ASNSD1	15	15	15	15
ACADM	15	15	15	15
REXO4	15	15	15	15
PRMT3	15	15	15	15
DGKZ	15	15	15	15
EPB41L5	15	15	15	15
CYR61	15	15	15	15
NOL10	15	15	15	15
RBM22	15	15	15	15
NMD3	15	15	15	15
PDHX	15	15	15	15
RNF41	15	15	15	15
MICU2	15	15	15	15
ACAD9	15	15	15	15
MPHOSPH9	15	15	15	15
WDR36	15	15	15	15
TRAPPC1	15	15	15	15
ADD3	15	15	15	15
RAB13	15	15	15	15
TOP3A	15	15	15	15
SUMF2	15	15	15	15
MAP4K3	15	15	15	15
SLC25A4	15	15	15	15
SSFA2	15	15	15	15
MYO1C	15	15	15	15
PLAA	15	15	15	15
ZPR1	15	15	15	15
FBXO21	15	15	15	15
ABCD3	15	15	15	15
ACOT9	15	15	15	15
TNRC18	15	15	15	15
FBXO5	15	15	15	15
SDAD1	15	15	15	15
GPM6A	15	15	15	15
MRPS22	15	15	15	15
XAB2	15	15	15	15
TFCP2	15	15	15	15
AKT3	15	15	15	15
KIAA0319L	15	15	15	15
IPO11	15	15	15	15
RRAGA	15	15	15	15
RAB8B	15	15	15	15
TTLL4	15	15	15	15
MAU2	15	15	15	15
IP6K1	15	15	15	15
UBE4B	15	15	15	15
UHRF2	15	15	15	15
SCARB2	15	15	15	15
CAMSAP1	15	15	15	15
MAK16	15	15	15	15
FOXJ3	15	15	15	15
PCNX4	15	15	15	15
LRRC47	15	15	15	15
ZNF512B	15	15	15	15
RAC3	15	15	15	15
MRPL2	15	15	15	15
YEATS2	15	15	15	15
PNMA2	15	15	15	15
KIAA0141	15	15	15	15
CCDC25	15	15	15	15
MPI	15	15	15	15
HS2ST1	15	15	15	15
PPIP5K2	15	15	15	15
FAM168A	15	15	15	15
CERK	15	15	15	15
EXO1	15	15	15	15
APBB1	15	15	15	15
CTSV	15	15	15	15
NUDT16	15	15	15	15
TPP2	15	15	15	15
KDM5A	15	15	15	15
TM9SF4	15	15	15	15
PSME2	15	15	15	15
CD47	15	15	15	15
CDKN1B	15	15	15	15
TMEM94	15	15	15	15
PLEC	15	15	15	15
LRRC58	15	15	15	15
MLX	15	15	15	15
GPR107	15	15	15	15
GINS4	15	15	15	15
DCTN3	15	15	15	15
GPD2	15	15	15	15
ATP11A	15	15	15	15
RNF7	15	15	15	15
EIF2D	15	15	15	15
TYK2	15	15	15	15
DYRK1A	15	15	15	15
PREP	15	15	15	15
VPS51	15	15	15	15
CD2BP2	15	15	15	15
MFSD14B	15	15	15	15
GSTA4	15	15	15	15
GLE1	15	15	15	15
CMSS1	15	15	15	15
RRP12	15	15	15	15
DDX49	15	15	15	15
TUBGCP4	15	15	15	15
ARMCX3	15	15	15	15
RMDN3	15	15	15	15
TOX4	15	15	15	15
PRKAA1	15	15	15	15
E2F2	15	15	15	15
TRMT10C	15	15	15	15
SACM1L	15	15	15	15
SCAF1	15	15	15	15
MLLT11	15	15	15	15
KCTD15	15	15	15	15
MRPL40	15	15	15	15
SCYL1	15	15	15	15
MAPK9	15	15	15	15
ZNF644	15	15	15	15
DDB2	15	15	15	15
COBLL1	15	15	15	15
SLC25A17	15	15	15	15
SKI	15	15	15	15
RIOK1	15	15	15	15
EFL1	15	15	15	15
TSPO	15	15	15	15
KAT2A	15	15	15	15
PRIM1	15	15	15	15
MED4	15	15	15	15
EIF2B2	15	15	15	15
GIPC1	15	15	15	15
TAOK2	15	15	15	15
MAPK14	15	15	15	15
SLC7A2	15	15	15	15
CIT	15	15	15	15
POLR1E	15	15	15	15
RPL36A	15	15	15	15
ZNF639	15	15	15	15
TRUB2	15	15	15	15
PBDC1	15	15	15	15
MAPKAPK5	15	15	15	15
ADAM9	15	15	15	15
TTC1	15	15	15	15
RAB21	15	15	15	15
FOXRED2	15	15	15	15
RRP15	15	15	15	15
MRPL24	15	15	15	15
MSL3	15	15	15	15
FECH	15	15	15	15
KDM6A	15	15	15	15
ZC3HAV1	15	15	15	15
RALGAPB	15	15	15	15
MAPK12	15	15	15	15
PATL1	15	15	15	15
SGCE	15	15	15	15
PON2	15	15	15	15
POGK	15	15	15	15
COL4A5	15	15	15	15
MFSD14A	15	15	15	15
LANCL1	15	15	15	15
HMGXB3	15	15	15	15
TRAPPC3	15	15	15	15
GOLGA4	15	15	15	15
POLRMT	15	15	15	15
GATC	15	15	15	15
PI4KB	15	15	15	15
MGA	15	15	15	15
UBN1	15	15	15	15
NOM1	15	15	15	15
SURF6	15	15	15	15
PDCD10	15	15	15	15
COPS7B	15	15	15	15
DDX50	15	15	15	15
KPNA6	15	15	15	15
WDR77	15	15	15	15
KAT5	15	15	15	15
MRM2	15	15	15	15
FZR1	15	15	15	15
MORC4	15	15	15	15
ULK3	15	15	15	15
BECN1	15	15	15	15
SDC1	15	15	15	15
MEX3A	15	15	15	15
ING5	15	15	15	15
CTNNBL1	15	15	15	15
NGDN	15	15	15	15
DDX55	15	15	15	15
BAG1	15	15	15	15
ARFGAP1	15	15	15	15
RAD51AP1	15	15	15	15
JRK	15	15	15	15
CHM	15	15	15	15
PLAGL2	15	15	15	15
PSRC1	15	15	15	15
PRKD3	15	15	15	15
MEGF8	15	15	15	15
LSR	15	15	15	15
TIMM21	15	15	15	15
GAR1	15	15	15	15
RYK	15	15	15	15
FAM189B	15	15	15	15
METTL16	15	15	15	15
MFSD10	15	15	15	15
SAMM50	15	15	15	15
RB1CC1	15	15	15	15
CHUK	15	15	15	15
SCYL2	15	15	15	15
PPP2R5E	15	15	15	15
CORO1B	15	15	15	15
SLC30A5	15	15	15	15
PAXIP1	15	15	15	15
ERBIN	15	15	15	15
MTAP	15	15	15	15
YIPF3	15	15	15	15
NPRL3	15	15	15	15
DZIP1	15	15	15	15
HOOK3	15	15	15	15
C12orf49	15	15	15	15
GTPBP2	15	15	15	15
VARS2	15	15	15	15
BCAS2	15	15	15	15
ORC2	15	15	15	15
ATP6V0D1	15	15	15	15
SLC39A10	15	15	15	15
TRAPPC2L	15	15	15	15
TRPM7	15	15	15	15
NSMCE1	15	15	15	15
ARL6IP5	15	15	15	15
TP53BP2	15	15	15	15
SUV39H1	15	15	15	15
PODXL2	15	15	15	15
E2F1	15	15	15	15
PTPN13	15	15	15	15
VPS26B	15	15	15	15
PAQR4	15	15	15	15
USP15	15	15	15	15
ZNF330	15	15	15	15
LSM8	15	15	15	15
CFAP97	15	15	15	15
SFT2D1	15	15	15	15
CHD6	15	15	15	15
CDC42SE1	15	15	15	15
NDUFB6	15	15	15	15
GTF2H1	15	15	15	15
COMMD2	15	15	15	15
UBA5	15	15	15	15
ZNF384	15	15	15	15
ZZEF1	15	15	15	15
ETNK1	15	15	15	15
MBTPS2	15	15	15	15
NCS1	15	15	15	15
NPC2	15	15	15	15
AMMECR1	15	15	15	15
NKAP	15	15	15	15
SRPK2	15	15	15	15
CLK1	15	15	15	15
IQCB1	15	15	15	15
URB2	15	15	15	15
NLE1	15	15	15	15
ZNF121	15	15	15	15
RAB5B	15	15	15	15
USB1	15	15	15	15
UTP11	15	15	15	15
POLR3A	15	15	15	15
UBE2B	15	15	15	15
RCL1	15	15	15	15
MTFR1	15	15	15	15
APPL1	15	15	15	15
TIPRL	15	15	15	15
HIF1AN	15	15	15	15
RAD54L2	15	15	15	15
ZZZ3	15	15	15	15
AMOTL1	15	15	15	15
CCND3	15	15	15	15
ARHGAP17	15	15	15	15
POP7	15	15	15	15
ACTR10	15	15	15	15
CMTM3	15	15	15	15
GNPAT	15	15	15	15
BICD2	15	15	15	15
TGS1	15	15	15	15
VPS41	15	15	15	15
CFAP20	15	15	15	15
NANS	15	15	15	15
PDZD11	15	15	15	15
FAH	15	15	15	15
DNAJC21	15	15	15	15
HMBS	15	15	15	15
PPME1	15	15	15	15
ZFAND3	15	15	15	15
THAP11	15	15	15	15
CMTM6	15	15	15	15
MARCH5	15	15	15	15
CXorf56	15	15	15	15
MYD88	15	15	15	15
DNPH1	15	15	15	15
ZNF507	15	15	15	15
BRWD1	15	15	15	15
PAQR3	15	15	15	15
TSEN34	15	15	15	15
NBN	15	15	15	15
TWSG1	15	15	15	15
XPNPEP1	15	15	15	15
SLC11A2	15	15	15	15
GSK3B	15	15	15	15
FXR2	15	15	15	15
ARFIP2	15	15	15	15
CEP350	15	15	15	15
APOOL	15	15	15	15
SLC4A7	15	15	15	15
MEN1	15	15	15	15
NUF2	15	15	15	15
NFAT5	15	15	15	15
ASH1L	15	15	15	15
SESTD1	15	15	15	15
SLC35E2B	15	15	15	15
ANAPC16	15	15	15	15
MFN1	15	15	15	15
SLC25A44	15	15	15	15
RPE	15	15	15	15
GABPA	15	15	15	15
PLD6	15	15	15	15
MAPK8IP3	15	15	15	15
NCOA5	15	15	15	15
UFM1	15	15	15	15
CHP1	15	15	15	15
PHAX	15	15	15	15
CLK2	15	15	15	15
CBL	15	15	15	15
FAM129B	15	15	15	15
DDX10	15	15	15	15
PM20D2	15	15	15	15
NDUFAF4	15	15	15	15
SNX4	15	15	15	15
TAF11	15	15	15	15
RAD51	15	15	15	15
COA7	15	15	15	15
PCNX3	15	15	15	15
CBR1	15	15	15	15
UBE2J1	15	15	15	15
CHML	15	15	15	15
PRR11	15	15	15	15
ATP13A2	15	15	15	15
PAN2	15	15	15	15
AASS	15	15	15	15
UHRF1	15	15	15	15
ZKSCAN1	15	15	15	15
PAK1IP1	15	15	15	15
CETN2	15	15	15	15
FAM171A1	15	15	15	15
PURB	15	15	15	15
MAP3K7	15	15	15	15
NIF3L1	15	15	15	15
GOLGB1	15	15	15	15
RNF20	15	15	15	15
STX18	15	15	15	15
GJC1	15	15	15	15
RIMKLB	15	15	15	15
PRKRA	15	15	15	15
ABCA2	15	15	15	15
MGAT5	15	15	15	15
ABR	15	15	15	15
CEP250	15	15	15	15
SLC30A1	15	15	15	15
NOSIP	15	15	15	15
TRMT6	15	15	15	15
SAP130	15	15	15	15
ZCCHC17	15	15	15	15
NFATC3	15	15	15	15
BEND4	15	15	15	15
NIPA1	15	15	15	15
SHCBP1	15	15	15	15
MMS22L	15	15	15	15
PTRH2	15	15	15	15
TELO2	15	15	15	15
MAP7D3	15	15	15	15
RNF216	15	15	15	15
MRPL52	15	15	15	15
SETX	15	15	15	15
GDF11	15	15	15	15
G2E3	15	15	15	15
STAMBP	15	15	15	15
ASXL2	15	15	15	15
MTX2	15	15	15	15
ZMYND19	15	15	15	15
PPIE	15	15	15	15
NELFE	15	15	15	15
FPGS	15	15	15	15
SEC22C	15	15	15	15
GPALPP1	15	15	15	15
MIA3	15	15	15	15
RALGDS	15	15	15	15
ILK	15	15	15	15
XPNPEP3	15	15	15	15
DOCK7	15	15	15	15
CEP57	15	15	15	15
RBCK1	15	15	15	15
KRI1	15	15	15	15
ABCB10	15	15	15	15
DYM	15	15	15	15
ZBED4	15	15	15	15
KLHL13	15	15	15	15
KDM5B	15	15	15	15
HSPBP1	15	15	15	15
ZHX1	15	15	15	15
LIMD1	15	15	15	15
GGA1	15	15	15	15
KCTD10	15	15	15	15
MEAF6	15	15	15	15
KIF1BP	15	15	15	15
BRAT1	15	15	15	15
TRMT1	15	15	15	15
CHID1	15	15	15	15
MRPL58	15	15	15	15
VAC14	15	15	15	15
ZDHHC3	15	15	15	15
KANSL1	15	15	15	15
JAGN1	15	15	15	15
IQGAP2	15	15	15	15
PCYT1A	15	15	15	15
INSIG1	15	15	15	15
CEP170B	15	15	15	15
TSC22D1	15	15	15	15
COQ9	15	15	15	15
HOXA9	15	15	15	15
ANKS6	15	15	15	15
ASCC2	15	15	15	15
MRPL22	15	15	15	15
CELSR2	15	15	15	15
POLD3	15	15	15	15
TADA3	15	15	15	15
MICU1	15	15	15	15
BLVRA	15	15	15	15
ASS1	15	15	15	15
RPF1	15	15	15	15
EMC7	15	15	15	15
GPRASP2	15	15	15	15
CTDSP1	15	15	15	15
ABHD17B	15	15	15	15
FIBP	15	15	15	15
ZNF131	15	15	15	15
GOSR1	15	15	15	15
FASTKD1	15	15	15	15
GPAA1	15	15	15	15
CCDC137	15	15	15	15
DMXL1	15	15	15	15
MTERF4	15	15	15	15
AKT1S1	15	15	15	15
C5orf24	15	15	15	15
ISYNA1	15	15	15	15
ZNHIT3	15	15	15	15
CRLS1	15	15	15	15
PRPF39	15	15	15	15
GYG2	15	15	15	15
DCBLD2	15	15	15	15
INO80E	15	15	15	15
FAIM	15	15	15	15
CASP2	15	15	15	15
FAM20B	15	15	15	15
LRRC8D	15	15	15	15
CENPI	15	15	15	15
CLASRP	15	15	15	15
SGSM3	15	15	15	15
SCML2	15	15	15	15
SCFD1	15	15	15	15
MAST2	15	15	15	15
ADK	15	15	15	15
MPHOSPH10	15	15	15	15
TET3	15	15	15	15
CDK5RAP1	15	15	15	15
EMP2	15	15	15	15
EXT2	15	15	15	15
FXYD6	15	15	15	15
RPAP1	15	15	15	15
POP1	15	15	15	15
GRK6	15	15	15	15
RHNO1	15	15	15	15
ZNF275	15	15	15	15
DDX51	15	15	15	15
RNF34	15	15	15	15
SMO	15	15	15	15
EMG1	15	15	15	15
REEP4	15	15	15	15
ATXN2	15	15	15	15
PDPK1	15	15	15	15
RCCD1	15	15	15	15
LEO1	15	15	15	15
THOC1	15	15	15	15
TERF1	15	15	15	15
RHOQ	15	15	15	15
HIPK2	15	15	15	15
DCUN1D4	15	15	15	15
RPP30	15	15	15	15
TBC1D5	15	15	15	15
PDLIM5	15	15	15	15
KLC2	15	15	15	15
STRBP	15	15	15	15
SCP2	15	15	15	15
TOM1L1	15	15	15	15
FNTA	15	15	15	15
ERCC2	15	15	15	15
WDR41	15	15	15	15
APEX2	15	15	15	15
RNF11	15	15	15	15
KLHDC2	15	15	15	15
PPIL2	15	15	15	15
PDZD8	15	15	15	15
DHPS	15	15	15	15
MYSM1	15	15	15	15
COL27A1	15	15	15	15
WDR4	15	15	15	15
IGF2BP2	15	15	15	15
CCDC117	15	15	15	15
SUCLG2	15	15	15	15
KHNYN	15	15	15	15
TMEM147	15	15	15	15
USP13	15	15	15	15
SUPV3L1	15	15	15	15
NLGN2	15	15	15	15
NUDT15	15	15	15	15
SNAPC3	15	15	15	15
TRIO	15	15	15	15
MBOAT7	15	15	15	15
HMGXB4	15	15	15	15
GABRB3	15	15	15	15
THUMPD1	15	15	15	15
ANKRD28	15	15	15	15
TSC2	15	15	15	15
CDS2	15	15	15	15
DNAJC13	15	15	15	15
SUPT7L	15	15	15	15
AKAP11	15	15	15	15
DIMT1	15	15	15	15
COMMD6	15	15	15	15
PEX26	15	15	15	15
RPAP3	15	15	15	15
CREB1	15	15	15	15
CETN3	15	15	15	15
TMEM14B	15	15	15	15
MYO9A	15	15	15	15
HNRNPUL2	15	15	15	15
DHX37	15	15	15	15
CDCA3	15	15	15	15
FIGNL1	15	15	15	15
PCGF5	15	15	15	15
ANKRD13A	15	15	15	15
BCL2L13	15	15	15	15
NDRG3	15	15	15	15
XRCC3	15	15	15	15
WASL	15	15	15	15
DONSON	15	15	15	15
MYO19	15	15	15	15
NSRP1	15	15	15	15
SCAMP3	15	15	15	15
PIAS2	15	15	15	15
BOP1	15	15	15	15
C1orf109	15	15	15	15
SLC19A1	15	15	15	15
CCDC6	15	15	15	15
RPS6KB1	15	15	15	15
PRNP	15	15	15	15
TOR3A	15	15	15	15
STK40	15	15	15	15
RPUSD4	15	15	15	15
HIRIP3	15	15	15	15
KIF14	15	15	15	15
RPRD2	15	15	15	15
ASAH1	15	15	15	15
KATNB1	15	15	15	15
MFAP1	15	15	15	15
TERF2IP	15	15	15	15
RCOR1	15	15	15	15
LINGO1	15	15	15	15
CNPPD1	15	15	15	15
RNF44	15	15	15	15
TKFC	15	15	15	15
VEGFA	15	15	15	15
PRODH	15	15	15	15
PIGG	15	15	15	15
SEL1L	15	15	15	15
RPUSD3	15	15	15	15
USP8	15	15	15	15
TAF10	15	15	15	15
RPUSD1	15	15	15	15
FEZ2	15	15	15	15
GXYLT1	15	15	15	15
DHX29	15	15	15	15
NEMF	15	15	15	15
CENPW	15	15	15	15
HELLS	15	15	15	15
INO80	15	15	15	15
PCYOX1	15	15	15	15
FRYL	15	15	15	15
ALG8	15	15	15	15
PARP4	15	15	15	15
AP3S1	15	15	15	15
NARS2	15	15	15	15
CENPN	15	15	15	15
SVIP	15	15	15	15
ATG9A	15	15	15	15
GON4L	15	15	15	15
PIGT	15	15	15	15
DPP9	15	15	15	15
KDM4A	15	15	15	15
FBXL5	15	15	15	15
SPIDR	15	15	15	15
NOC3L	15	15	15	15
SPTLC1	15	15	15	15
RBM38	15	15	15	15
TRAFD1	15	15	15	15
KIAA1109	15	15	15	15
PNMA1	15	15	15	15
NARF	15	15	15	15
AKAP9	15	15	15	15
ZNF740	15	15	15	15
ELF2	15	15	15	15
COPS9	15	15	15	15
ERCC1	15	15	15	15
STX2	15	15	15	15
DPH5	15	15	15	15
YEATS4	15	15	15	15
FBXO3	15	15	15	15
MADD	15	15	15	15
MAX	15	15	15	15
DOCK1	15	15	15	15
CLU	15	15	15	15
KIAA1551	15	15	15	15
MFGE8	15	15	15	15
RAP2C	15	15	15	15
AAR2	15	15	15	15
CAMK2D	15	15	15	15
TARS2	15	15	15	15
CIC	15	15	15	15
ANKRD27	15	15	15	15
IDS	15	15	15	15
PDE12	15	15	15	15
GALNT1	15	15	15	15
RBBP8	15	15	15	15
KLF5	15	15	15	15
CENPJ	15	15	15	15
CPT2	15	15	15	15
DVL2	15	15	15	15
AGK	15	15	15	15
GOPC	15	15	15	15
RGP1	15	15	15	15
MTF2	15	15	15	15
ARID2	15	15	15	15
PLOD3	15	15	15	15
DGKD	15	15	15	15
ATP6V1H	15	15	15	15
MMD	15	15	15	15
RARS2	15	15	15	15
POP4	15	15	15	15
SCMH1	15	15	15	15
RAP1A	15	15	15	15
TGFBRAP1	15	15	15	15
NXPE3	15	15	15	15
SEPT10	15	15	15	15
MKKS	15	15	15	15
ELMSAN1	15	15	15	15
MALSU1	15	15	15	15
HMG20B	15	15	15	15
KLHL12	15	15	15	15
GTF2A1	15	15	15	15
FAM57A	15	15	15	15
ANO6	15	15	15	15
UPF2	15	15	15	15
RANBP6	15	15	15	15
KCTD9	15	15	15	15
CHCHD1	15	15	15	15
COTL1	15	15	15	15
USP40	15	15	15	15
TMEM126B	15	15	15	15
SFT2D2	15	15	15	15
CUEDC2	15	15	15	15
CDK6	15	15	15	15
ZFHX3	15	15	15	15
PMVK	15	15	15	15
UBAP1	15	15	15	15
FTO	15	15	15	15
KLHL18	15	15	15	15
NCSTN	15	15	15	15
TUBGCP3	15	15	15	15
C5orf51	15	15	15	15
CUL5	15	15	15	15
GLB1L2	15	15	15	15
PHC2	15	15	15	15
CDCA2	15	15	15	15
PIK3R4	15	15	15	15
APIP	15	15	15	15
DMXL2	15	15	15	15
C15orf40	15	15	15	15
KLHDC4	15	15	15	15
MVD	15	15	15	15
KIF3B	15	15	15	15
NFU1	15	15	15	15
MIS18BP1	15	15	15	15
IL6ST	15	15	15	15
LRP3	15	15	15	15
BCS1L	15	15	15	15
PDGFC	15	15	15	15
GEN1	15	15	15	15
PARP16	15	15	15	15
PARPBP	15	15	15	15
VPS39	15	15	15	15
CSTF1	15	15	15	15
GAREM2	15	15	15	15
MED15	15	15	15	15
UCKL1	15	15	15	15
OGFR	15	15	15	15
NMRAL1	15	15	15	15
MUT	15	15	15	15
LAMB1	15	15	15	15
TDP2	15	15	15	15
WDR76	15	15	15	15
CDKN2C	15	15	15	15
MRS2	15	15	15	15
SUDS3	15	15	15	15
PPM1A	15	15	15	15
UBAC1	15	15	15	15
PAK1	15	15	15	15
ZDHHC4	15	15	15	15
ERCC6L	15	15	15	15
AVL9	15	15	15	15
TMED7	15	15	15	15
ZDHHC17	15	15	15	15
NADSYN1	15	15	15	15
NR2F6	15	15	15	15
ZDHHC7	15	15	15	15
SHISA3	15	15	15	15
ARAP1	15	15	15	15
ZCRB1	15	15	15	15
CENPB	15	15	15	15
PTGER3	15	15	15	15
KREMEN1	15	15	15	15
TBL2	15	15	15	15
TAF5L	15	15	15	15
MED17	15	15	15	15
RAP1GDS1	15	15	15	15
ARHGAP19	15	15	15	15
NAA60	15	15	15	15
PCSK7	15	15	15	15
KANSL2	15	15	15	15
KAT7	15	15	15	15
STAT5B	15	15	15	15
DSN1	15	15	15	15
FANCG	15	15	15	15
CPVL	15	15	15	15
PPM1D	15	15	15	15
RUFY1	15	15	15	15
NGRN	15	15	15	15
KAT8	15	15	15	15
ANAPC2	15	15	15	15
CWC15	15	15	15	15
DEAF1	15	15	15	15
DCLK1	15	15	15	15
C7orf49	15	15	15	15
YY1AP1	15	15	15	15
PFDN4	15	15	15	15
ZNF22	15	15	15	15
TRIM37	15	15	15	15
TMOD3	15	15	15	15
RNF6	15	15	15	15
ECD	15	15	15	15
RRS1	15	15	15	15
XRCC2	15	15	15	15
UGDH	15	15	15	15
CCDC43	15	15	15	15
EXOC2	15	15	15	15
ZFX	15	15	15	15
NOTCH3	15	15	15	15
SETDB1	15	15	15	15
NUB1	15	15	15	15
RNF14	15	15	15	15
TUBA4A	15	15	15	15
APTX	15	15	15	15
GAMT	15	15	15	15
THYN1	15	15	15	15
RAD54L	15	15	15	15
QDPR	15	15	15	15
SECISBP2L	15	15	15	15
HOXA13	15	15	15	15
KIAA1147	15	15	15	15
CKAP2L	15	15	15	15
TCF20	15	15	15	15
ZNF318	15	15	15	15
VPS52	15	15	15	15
LTBP3	15	15	15	15
BCL9	15	15	15	15
RAB3GAP2	15	15	15	15
UFC1	15	15	15	15
FOPNL	15	15	15	15
VPS45	15	15	15	15
KIAA0930	15	15	15	15
GLT8D1	15	15	15	15
MFSD12	15	15	15	15
DPH7	15	15	15	15
KCMF1	15	15	15	15
TTC17	15	15	15	15
POU2F1	15	15	15	15
WDR48	15	15	15	15
AFF1	15	15	15	15
PRKAG1	15	15	15	15
CAT	15	15	15	15
INTS7	15	15	15	15
GRAMD1A	15	15	15	15
RNF8	15	15	15	15
GNAI1	15	15	15	15
KMT5B	15	15	15	15
UBR3	15	15	15	15
FBXO28	15	15	15	15
ITGB3BP	15	15	15	15
RHOBTB3	15	15	15	15
ATR	15	15	15	15
NRN1	15	15	15	15
NVL	15	15	15	15
HPS4	15	15	15	15
DENND4B	15	15	15	15
SMAP2	15	15	15	15
PUDP	15	15	15	15
F2R	15	15	15	15
PIR	15	15	15	15
ACAA1	15	15	15	15
MKRN2	15	15	15	15
UBLCP1	15	15	15	15
ZNF621	15	15	15	15
NFKBIB	15	15	15	15
FASTK	15	15	15	15
CHRDL1	15	15	15	15
BAG5	15	15	15	15
NAPA	15	15	15	15
ZNF451	15	15	15	15
DCAF11	15	15	15	15
ASB1	15	15	15	15
MCAM	15	15	15	15
SPPL3	15	15	15	15
IBTK	15	15	15	15
RNF138	15	15	15	15
TBL3	15	15	15	15
CDK9	15	15	15	15
SOCS2	15	15	15	15
JMJD8	15	15	15	15
NAXE	15	15	15	15
TRAPPC8	15	15	15	15
ILKAP	15	15	15	15
PTPN12	15	15	15	15
PLEKHM2	15	15	15	15
DPP3	15	15	15	15
LRRC42	15	15	15	15
DRG2	15	15	15	15
GPN1	15	15	15	15
ANGEL2	15	15	15	15
FASTKD5	15	15	15	15
KBTBD2	15	15	15	15
SERPINF1	15	15	15	15
CPSF4	15	15	15	15
AP5M1	15	15	15	15
DSCR3	15	15	15	15
ATP5O	15	15	15	15
PARD3	15	15	15	15
CLTB	15	15	15	15
POLR2I	15	15	15	15
WDR83OS	15	15	15	15
DCAF8	15	15	15	15
CREB3L2	15	15	15	15
CNTROB	15	15	15	15
TYW3	15	15	15	15
RSU1	15	15	15	15
CALCOCO2	15	15	15	15
RPRD1B	15	15	15	15
TWISTNB	15	15	15	15
SOX4	15	15	15	15
RABEPK	15	15	15	15
COQ4	15	15	15	15
TRIM65	15	15	15	15
RANGRF	15	15	15	15
TARBP1	15	15	15	15
RAB5C	15	15	15	15
CACNA2D2	15	15	15	15
MPHOSPH6	15	15	15	15
PNKD	15	15	15	15
HSD17B11	15	15	15	15
AGBL5	15	15	15	15
SLC30A6	15	15	15	15
TMEM132A	15	15	15	15
WDR45	15	15	15	15
ARMC8	15	15	15	15
FN1	15	15	15	15
CYTH2	15	15	15	15
TMEM209	15	15	15	15
SLC6A6	15	15	15	15
CYHR1	15	15	15	15
MRPL44	15	15	15	15
TMEM87A	15	15	15	15
INTS6	15	15	15	15
RIDA	15	15	15	15
MIS12	15	15	15	15
KLHL42	15	15	15	15
UBXN6	15	15	15	15
CENPT	15	15	15	15
TMEM43	15	15	15	15
SAAL1	15	15	15	15
ABCC5	15	15	15	15
ANKRD6	15	15	15	15
ZCCHC14	15	15	15	15
CBX6	15	15	15	15
HSD17B12	15	15	15	15
MAPKAPK2	15	15	15	15
VSIG10	15	15	15	15
L3MBTL2	15	15	15	15
IFNGR2	15	15	15	15
NAA40	15	15	15	15
ATP11B	15	15	15	15
NEK2	15	15	15	15
PFKFB3	15	15	15	15
SLC4A1AP	15	15	15	15
STARD3NL	15	15	15	15
SCAMP1	15	15	15	15
MYO9B	15	15	15	15
HIKESHI	15	15	15	15
NCOA4	15	15	15	15
MBOAT2	15	15	15	15
ZDHHC9	15	15	15	15
CWF19L1	15	15	15	15
RIOK3	15	15	15	15
SMCR8	15	15	15	15
LYRM2	15	15	15	15
ALPL	15	15	15	15
RPTOR	15	15	15	15
CBR4	15	15	15	15
RAD1	15	15	15	15
CASP8AP2	15	15	15	15
TOR1A	15	15	15	15
INF2	15	15	15	15
SMG6	15	15	15	15
TMEM129	15	15	15	15
STAT1	15	15	15	15
CTSL	15	15	15	15
EIF2B4	15	15	15	15
HSDL2	15	15	15	15
DDX20	15	15	15	15
NDUFV3	15	15	15	15
MRPL30	15	15	15	15
MOGS	15	15	15	15
RSRC1	15	15	15	15
NT5C3A	15	15	15	15
NADK2	15	15	15	15
ERI2	15	15	15	15
DCAF15	15	15	15	15
PERP	15	15	15	15
POMGNT1	15	15	15	15
BLM	15	15	15	15
C4orf3	15	15	15	15
BRPF3	15	15	15	15
FAM69B	15	15	15	15
TRIM44	15	15	15	15
DPY19L3	15	15	15	15
HSPG2	15	15	15	15
SDE2	15	15	15	15
S100PBP	15	15	15	15
SLC25A38	15	15	15	15
BRD1	15	15	15	15
WRAP73	15	15	15	15
VAMP2	15	15	15	15
RSAD1	15	15	15	15
CASC4	15	15	15	15
NTPCR	15	15	15	15
AIF1L	15	15	15	15
RAI1	15	15	15	15
SALL2	15	15	15	15
ZNF33A	15	15	15	15
ATP6V1D	15	15	15	15
CD3EAP	15	15	15	15
NIT2	15	15	15	15
PEPD	15	15	15	15
FBXO45	15	15	15	15
PLIN3	15	15	15	15
MRGBP	15	15	15	15
VAV2	15	15	15	15
UBAC2	15	15	15	15
AMPD2	15	15	15	15
RAB11FIP3	15	15	15	15
LTN1	15	15	15	15
MRPL33	15	15	15	15
MKL2	15	15	15	15
STX3	15	15	15	15
RAB5A	15	15	15	15
RWDD1	15	15	15	15
BSDC1	15	15	15	15
PPWD1	15	15	15	15
TRIM14	15	15	15	15
ELP6	15	15	15	15
TMCO3	15	15	15	15
TRPS1	15	15	15	15
NCOA2	15	15	15	15
SH3KBP1	15	15	15	15
THOC6	15	15	15	15
MRPL1	15	15	15	15
LSM1	15	15	15	15
SUV39H2	15	15	15	15
MTRR	15	15	15	15
SLU7	15	15	15	15
ADCY7	15	15	15	15
RETSAT	15	15	15	15
ATL3	15	15	15	15
PIK3C3	15	15	15	15
HSDL1	15	15	15	15
CCNH	15	15	15	15
TPP1	15	15	15	15
EMC3	15	15	15	15
ATF5	15	15	15	15
MED29	15	15	15	15
SMYD5	15	15	15	15
TSTA3	15	15	15	15
STRN	15	15	15	15
AP1S1	15	15	15	15
USP32	15	15	15	15
CLDND1	15	15	15	15
DUS3L	15	15	15	15
PIH1D1	15	15	15	15
RELA	15	15	15	15
HSPA13	15	15	15	15
FAM162A	15	15	15	15
ZFAND1	15	15	15	15
EPHB4	15	15	15	15
ITGB5	15	15	15	15
UFL1	15	15	15	15
NT5C	15	15	15	15
STK39	15	15	15	15
MYL6B	15	15	15	15
TEAD4	15	15	15	15
RNF38	15	15	15	15
GABPB1	15	15	15	15
MSRB1	15	15	15	15
SIRT1	15	15	15	15
CHCHD7	15	15	15	15
TPRKB	15	15	15	15
KIAA1671	15	15	15	15
KRIT1	15	15	15	15
GLB1	15	15	15	15
SENP1	15	15	15	15
ERGIC2	15	15	15	15
PASK	15	15	15	15
ZNF281	15	15	15	15
MON2	15	15	15	15
DPY30	15	15	15	15
WRB	15	15	15	15
NUDCD1	15	15	15	15
ERO1A	15	15	15	15
CDYL	15	15	15	15
SLC25A32	15	15	15	15
SHKBP1	15	15	15	15
YIPF5	15	15	15	15
WDR35	15	15	15	15
CHMP7	15	15	15	15
SCCPDH	15	15	15	15
ABT1	15	15	15	15
ZNF195	15	15	15	15
USP28	15	15	15	15
PYGO2	15	15	15	15
SEC14L1	15	15	15	15
COMMD9	15	15	15	15
AKIRIN2	15	15	15	15
AACS	15	15	15	15
SPG11	15	15	15	15
COPS7A	15	15	15	15
ZNF75D	15	15	15	15
SPC24	15	15	15	15
PHF12	15	15	15	15
SPIN4	15	15	15	15
VPS4A	15	15	15	15
CAPN7	15	15	15	15
C12orf10	15	15	15	15
CBLL1	15	15	15	15
APPL2	15	15	15	15
SKAP2	15	15	15	15
ZNF142	15	15	15	15
WBP2	15	15	15	15
PPP1R9B	15	15	15	15
ERMN	15	15	15	15
C18orf25	15	15	15	15
TCF7L1	15	15	15	15
ZBTB44	15	15	15	15
ITGAV	15	15	15	15
NSL1	15	15	15	15
ACADSB	15	15	15	15
VPS4B	15	15	15	15
C17orf75	15	15	15	15
ISCA1	15	15	15	15
DMAP1	15	15	15	15
FOCAD	15	15	15	15
SATB1	15	15	15	15
RAD18	15	15	15	15
PATZ1	15	15	15	15
CYFIP1	15	15	15	15
SLC35B2	15	15	15	15
TRIP4	15	15	15	15
RBM19	15	15	15	15
EXOSC7	15	15	15	15
SMG9	15	15	15	15
OARD1	15	15	15	15
ZMYND11	15	15	15	15
POLR1C	15	15	15	15
EEF2K	15	15	15	15
ZNF276	15	15	15	15
C11orf24	15	15	15	15
SNCA	15	15	15	15
CEP95	15	15	15	15
FMNL2	15	15	15	15
ECE1	15	15	15	15
FAM13B	15	15	15	15
SKA3	15	15	15	15
HDAC8	15	15	15	15
TMEM106B	15	15	15	15
ADGRL2	15	15	15	15
SSX2IP	15	15	15	15
FNBP1	15	15	15	15
TCTN3	15	15	15	15
GUSB	15	15	15	15
ENTPD4	15	15	15	15
CHMP2B	15	15	15	15
STIL	15	15	15	15
COA6	15	15	15	15
CDC42EP1	15	15	15	15
JKAMP	15	15	15	15
ISOC1	15	15	15	15
TSPAN14	15	15	15	15
MMAB	15	15	15	15
RFWD2	15	15	15	15
NDUFAF3	15	15	15	15
ZNF445	15	15	15	15
BACE1	15	15	15	15
MRPS18A	15	15	15	15
GPHN	15	15	15	15
DDIAS	15	15	15	15
ZNF76	15	15	15	15
ZNF263	15	15	15	15
DAB2IP	15	15	15	15
TIMP1	15	15	15	15
GTPBP3	15	15	15	15
MEF2A	15	15	15	15
ACACA	15	15	15	15
LYN	15	15	15	15
NAXD	15	15	15	15
LCLAT1	15	15	15	15
PHF2	15	15	15	15
COL4A6	15	15	15	15
CDR2	15	15	15	15
MRPL48	15	15	15	15
APAF1	15	15	15	15
TACO1	15	15	15	15
B4GAT1	15	15	15	15
TSPYL1	15	15	15	15
PLEKHG1	15	15	15	15
NSMAF	15	15	15	15
DPH3	15	15	15	15
LMF2	15	15	15	15
TRAPPC11	15	15	15	15
DCAF5	15	15	15	15
RABAC1	15	15	15	15
CHTF18	15	15	15	15
MRPL45	15	15	15	15
TMEM214	15	15	15	15
CCDC58	15	15	15	15
VPS54	15	15	15	15
PCBD1	15	15	15	15
BAHD1	15	15	15	15
CABIN1	15	15	15	15
DDRGK1	15	15	15	15
FBXL3	15	15	15	15
ACER3	15	15	15	15
CCDC12	15	15	15	15
ZFC3H1	15	15	15	15
CINP	15	15	15	15
ATP8B2	15	15	15	15
PVR	15	15	15	15
GSK3A	15	15	15	15
NDUFS4	15	15	15	15
TEX264	15	15	15	15
TAZ	15	15	15	15
RPS6KB2	15	15	15	15
ERCC6L2	15	15	15	15
TBCE	15	15	15	15
ACOX1	15	15	15	15
POLQ	15	15	15	15
MED27	15	15	15	15
REV1	15	15	15	15
MGAT1	15	15	15	15
TRIP10	15	15	15	15
ESF1	15	15	15	15
SLC5A3	15	15	15	15
AGAP1	15	15	15	15
NECAP2	15	15	15	15
ORC5	15	15	15	15
FUT8	15	15	15	15
SNAP29	15	15	15	15
TRIB3	15	15	15	15
RCBTB1	15	15	15	15
PDLIM7	15	15	15	15
PTPRD	15	15	15	15
RHBDD2	15	15	15	15
NACC2	15	15	15	15
PTDSS2	15	15	15	15
GAB2	15	15	15	15
TMEM201	15	15	15	15
LEMD2	15	15	15	15
SNX13	15	15	15	15
TTI1	15	15	15	15
UROS	15	15	15	15
ZNF316	15	15	15	15
FKBP11	15	15	15	15
PLEKHA8	15	15	15	15
PIGN	15	15	15	15
C16orf72	15	15	15	15
PHC3	15	15	15	15
ACAP2	15	15	15	15
C12orf45	15	15	15	15
SAMHD1	15	15	15	15
RSPRY1	15	15	15	15
SLMAP	15	15	15	15
PCMTD2	15	15	15	15
IQGAP3	15	15	15	15
ZBTB18	15	15	15	15
C17orf62	15	15	15	15
PRKAB2	15	15	15	15
SERPINB9	15	15	15	15
C5orf22	15	15	15	15
KLHDC10	15	15	15	15
COMT	15	15	15	15
HAUS2	15	15	15	15
WRN	15	15	15	15
ZNF496	15	15	15	15
CDC73	15	15	15	15
CTH	15	15	15	15
SSBP4	15	15	15	15
FAN1	15	15	15	15
IRF2BP2	15	15	15	15
FAM111B	15	15	15	15
TYRO3	15	15	15	15
TMEM70	15	15	15	15
RAB11FIP4	15	15	15	15
GPN2	15	15	15	15
NUPL2	15	15	15	15
BRIP1	15	15	15	15
ATG2B	15	15	15	15
ABHD10	15	15	15	15
SGPL1	15	15	15	15
ZNF512	15	15	15	15
ZNF3	15	15	15	15
C17orf80	15	15	15	15
SALL1	15	15	15	15
KLHL17	15	15	15	15
TXNRD2	15	15	15	15
TMEM161A	15	15	15	15
SH3BP4	15	15	15	15
TRIT1	15	15	15	15
DERA	15	15	15	15
EED	15	15	15	15
ABCD4	15	15	15	15
TRIM26	15	15	15	15
RPIA	15	15	15	15
ZDHHC16	15	15	15	15
ERF	15	15	15	15
GGA3	15	15	15	15
MGAT2	15	15	15	15
NCDN	15	15	15	15
LTBP4	15	15	15	15
LTV1	15	15	15	15
TRUB1	15	15	15	15
IPO13	15	15	15	15
PCYT2	15	15	15	15
AMMECR1L	15	15	15	15
LRRN1	15	15	15	15
GPKOW	15	15	15	15
CNOT10	15	15	15	15
ICK	15	15	15	15
ELOF1	15	15	15	15
RNF219	15	15	15	15
LRP5	15	15	15	15
TMEM192	15	15	15	15
PPTC7	15	15	15	15
ARG2	15	15	15	15
EDEM1	15	15	15	15
PRDM2	15	15	15	15
ARHGAP18	15	15	15	15
OSGEP	15	15	15	15
GPD1L	15	15	15	15
PRDM4	15	15	15	15
CDK7	15	15	15	15
EDRF1	15	15	15	15
NGLY1	15	15	15	15
UBE2D1	15	15	15	15
NHLRC2	15	15	15	15
WDR13	15	15	15	15
LGALS1	15	15	15	15
PIKFYVE	15	15	15	15
LATS1	15	15	15	15
ELP3	15	15	15	15
MPP1	15	15	15	15
PIDD1	15	15	15	15
UBIAD1	15	15	15	15
FBXW7	15	15	15	15
TRAPPC13	15	15	15	15
C3orf58	15	15	15	15
COL4A3BP	15	15	15	15
RASSF3	15	15	15	15
FAM216A	15	15	15	15
DCAF6	15	15	15	15
DUSP3	15	15	15	15
LZTR1	15	15	15	15
GPCPD1	15	15	15	15
TAB3	15	15	15	15
ATP1B1	15	15	15	15
ZBTB8OS	15	15	15	15
ZEB2	15	15	15	15
CACUL1	15	15	15	15
FAM204A	15	15	15	15
MTFMT	15	15	15	15
RIC1	15	15	15	15
PDCD4	15	15	15	15
DECR1	15	15	15	15
C1orf198	15	15	15	15
POLR3C	15	15	15	15
ACBD6	15	15	15	15
DDX31	15	15	15	15
TEX15	15	15	15	15
VPS13D	15	15	15	15
PML	15	15	15	15
ALKBH2	15	15	15	15
WDR59	15	15	15	15
TCF4	15	15	15	15
ETFB	15	15	15	15
SPAG7	15	15	15	15
RIOK2	15	15	15	15
RIMS4	15	15	15	15
DOCK9	15	15	15	15
FURIN	15	15	15	15
CDIP1	15	15	15	15
MTO1	15	15	15	15
AP3M2	15	15	15	15
LRR1	15	15	15	15
MAD2L1BP	15	15	15	15
CIB2	15	15	15	15
ABI1	15	15	15	15
LRRC45	15	15	15	15
GSTK1	15	15	15	15
ZW10	15	15	15	15
CLCN7	15	15	15	15
RNGTT	15	15	15	15
BTG3	15	15	15	15
TSR3	15	15	15	15
CLCC1	15	15	15	15
CENPC	15	15	15	15
PGLS	15	15	15	15
POMT1	15	15	15	15
MAP2K4	15	15	15	15
MYO1B	15	15	15	15
SRC	15	15	15	15
NCK2	15	15	15	15
DBF4B	15	15	15	15
APOO	15	15	15	15
PEX2	15	15	15	15
ZNF219	15	15	15	15
FAM200B	15	15	15	15
NFYA	15	15	15	15
PALM3	15	15	15	15
DOLPP1	15	15	15	15
DRAM2	15	15	15	15
ELF4	15	15	15	15
RBPMS	15	15	15	15
STK35	15	15	15	15
IKBIP	15	15	15	15
AIP	15	15	15	15
ACTR6	15	15	15	15
MBIP	15	15	15	15
MTFR1L	15	15	15	15
LIMA1	15	15	15	15
SIMC1	15	15	15	15
PRTFDC1	15	15	15	15
UIMC1	15	15	15	15
RNASEH1	15	15	15	15
TIMM22	15	15	15	15
MRPS31	15	15	15	15
RBSN	15	15	15	15
GPRC5B	15	15	15	15
ACSL4	15	15	15	15
ECSIT	15	15	15	15
SLITRK2	15	15	15	15
HAPLN3	15	15	15	15
BCAM	15	15	15	15
UBXN2B	15	15	15	15
TNRC6B	15	15	15	15
MOB3B	15	15	15	15
BEX4	15	15	15	15
WWP1	15	15	15	15
LMTK2	15	15	15	15
GOLGA2	15	15	15	15
DPY19L1	15	15	15	15
RING1	15	15	15	15
ILVBL	15	15	15	15
ZDHHC2	15	15	15	15
MAPRE2	15	15	15	15
PLD3	15	15	15	15
FIP1L1	15	15	15	15
TROVE2	15	15	15	15
FGD1	15	15	15	15
MICAL3	15	15	15	15
CISD2	15	15	15	15
ZCCHC8	15	15	15	15
EMC2	15	15	15	15
EHD1	15	15	15	15
STARD4	15	15	15	15
ITGAE	15	15	15	15
LDAH	15	15	15	15
MBTD1	15	15	15	15
TAB1	15	15	15	15
THOC5	15	15	15	15
RSRP1	15	15	15	15
BTBD7	15	15	15	15
JADE3	15	15	15	15
MTG2	15	15	15	15
EPHA2	15	15	15	15
ALG5	15	15	15	15
TMEM18	15	15	15	15
EYA3	15	15	15	15
ZNF148	15	15	15	15
METTL21A	15	15	15	15
PHF23	15	15	15	15
CENPA	15	15	15	15
PBX3	15	15	15	15
EFR3A	15	15	15	15
DHX57	15	15	15	15
TMEM39A	15	15	15	15
DUSP12	15	15	15	15
C11orf95	15	15	15	15
CHURC1	15	15	15	15
ZNHIT6	15	15	15	15
RNF2	15	15	15	15
MAN1B1	15	15	15	15
MPP6	15	15	15	15
OTULIN	15	15	15	15
AGO4	15	15	15	15
ADGRE5	15	15	15	15
DIAPH3	15	15	15	15
PCBP4	15	15	15	15
IGF1R	15	15	15	15
PSD3	15	15	15	15
ZNF436	15	15	15	15
NR1D2	15	15	15	15
XPR1	15	15	15	15
CSNK1G1	15	15	15	15
CHMP3	15	15	15	15
KDM3A	15	15	15	15
TXNDC15	15	15	15	15
HAGH	15	15	15	15
SLC41A1	15	15	15	15
NRP1	15	15	15	15
PARG	15	15	15	15
STRN3	15	15	15	15
MED20	15	15	15	15
SPATA20	15	15	15	15
LRCH3	15	15	15	15
AZI2	15	15	15	15
ATP1A3	15	15	15	15
CTSA	15	15	15	15
GLCE	15	15	15	15
YIPF4	15	15	15	15
GGCT	15	15	15	15
CAMTA1	15	15	15	15
RCAN1	15	15	15	15
CCDC93	15	15	15	15
FAM210B	15	15	15	15
HAUS5	15	15	15	15
CELSR1	15	15	15	15
DPYSL4	15	15	15	15
MRPS14	15	15	15	15
TMEM64	15	15	15	15
MTPAP	15	15	15	15
APPBP2	15	15	15	15
VEGFB	15	15	15	15
STAT6	15	15	15	15
BMPR2	15	15	15	15
PTPN14	15	15	15	15
CD70	15	15	15	15
GNE	15	15	15	15
KIAA1468	15	15	15	15
PRMT6	15	15	15	15
PYCR2	15	15	15	15
PABPC1L	15	15	15	15
TIMP2	15	15	15	15
RCOR3	15	15	15	15
GPN3	15	15	15	15
FAM219A	15	15	15	15
COL18A1	15	15	15	15
TP53I11	15	15	15	15
TBRG1	15	15	15	15
CHEK2	15	15	15	15
AP1AR	15	15	15	15
CHRNA5	15	15	15	15
CMAS	15	15	15	15
PPIL4	15	15	15	15
PANK2	15	15	15	15
SMYD2	15	15	15	15
SLC25A43	15	15	15	15
RUSC1	15	15	15	15
CAMK2G	15	15	15	15
FBXO38	15	15	15	15
ZSCAN29	15	15	15	15
PNPLA8	15	15	15	15
RBM18	15	15	15	15
GATB	15	15	15	15
ERP44	15	15	15	15
GTF2E2	15	15	15	15
MSL2	15	15	15	15
STXBP1	15	15	15	15
KIAA0232	15	15	15	15
CHRAC1	15	15	15	15
USF1	15	15	15	15
SLC16A10	15	15	15	15
C1GALT1C1	15	15	15	15
TMEM41B	15	15	15	15
ZDHHC6	15	15	15	15
B3GNT5	15	15	15	15
ANAPC4	15	15	15	15
CHST14	15	15	15	15
SPPL2A	15	15	15	15
ZBTB40	15	15	15	15
TRMT2A	15	15	15	15
CCDC82	15	15	15	15
PDCL3	15	15	15	15
CACTIN	15	15	15	15
NSF	15	15	15	15
SUGP1	15	15	15	15
FN3K	15	15	15	15
REV3L	15	15	15	15
RRAGD	15	15	15	15
MIS18A	15	15	15	15
PSKH1	15	15	15	15
TMEM222	15	15	15	15
RNF169	15	15	15	15
MPV17	15	15	15	15
GOLT1B	15	15	15	15
PDSS1	15	15	15	15
PEX19	15	15	15	15
RAPGEF2	15	15	15	15
BCL7A	15	15	15	15
NMU	15	15	15	15
COQ7	15	15	15	15
SNX33	15	15	15	15
P3H3	15	15	15	15
SPATS2	15	15	15	15
TBC1D23	15	15	15	15
VANGL2	15	15	15	15
NECAP1	15	15	15	15
SDHAF3	15	15	15	15
ZNF292	15	15	15	15
SLC27A4	15	15	15	15
IFT172	15	15	15	15
PPP2R2C	15	15	15	15
MAP3K11	15	15	15	15
TGFB1	15	15	15	15
FAM213B	15	15	15	15
ZNF561	15	15	15	15
PTPN18	15	15	15	15
IFI30	15	15	15	15
FAM177A1	15	15	15	15
KCNQ2	15	15	15	15
C16orf62	15	15	15	15
CDK10	15	15	15	15
NFKB1	15	15	15	15
SLC43A2	15	15	15	15
LRCH2	15	15	15	15
PLEKHO1	15	15	15	15
CPNE2	15	15	15	15
ZNF317	15	15	15	15
WDCP	15	15	15	15
PRR3	15	15	15	15
UTP23	15	15	15	15
EXOSC3	15	15	15	15
EXOC4	15	15	15	15
FLVCR1	15	15	15	15
CCDC88C	15	15	15	15
EPM2AIP1	15	15	15	15
FNBP1L	15	15	15	15
MED10	15	15	15	15
BRF1	15	15	15	15
PPP1R12C	15	15	15	15
TNIP1	15	15	15	15
SETD3	15	15	15	15
ZNF37A	15	15	15	15
CCDC90B	15	15	15	15
CD2AP	15	15	15	15
KIF15	15	15	15	15
ARHGEF11	15	15	15	15
ADAM17	15	15	15	15
COQ5	15	15	15	15
BAZ2B	15	15	15	15
PPP2R2D	15	15	15	15
NEK4	15	15	15	15
HEATR3	15	15	15	15
UBE3B	15	15	15	15
SPIN3	15	15	15	15
LRRFIP2	15	15	15	15
TCF19	15	15	15	15
IL13RA1	15	15	15	15
NAAA	15	15	15	15
MEX3C	15	15	15	15
REXO1	15	15	15	15
DEDD	15	15	15	15
SYF2	15	15	15	15
CENPM	15	15	15	15
LRFN4	15	15	15	15
ASIC1	15	15	15	15
PTPRK	15	15	15	15
PER3	15	15	15	15
HIC2	15	15	15	15
BET1L	15	15	15	15
PISD	15	15	15	15
SNTB2	15	15	15	15
TOPORS	15	15	15	15
P3H1	15	15	15	15
FGFRL1	15	15	15	15
ACSS2	15	15	15	15
ASF1A	15	15	15	15
CHKA	15	15	15	15
LPIN1	15	15	15	15
HSBP1L1	15	15	15	15
KIF13A	15	15	15	15
NCR3LG1	15	15	15	15
CXorf57	15	15	15	15
NTHL1	15	15	15	15
METTL8	15	15	15	15
TIGAR	15	15	15	15
CFLAR	15	15	15	15
UBXN2A	15	15	15	15
CSTF2T	15	15	15	15
NEDD9	15	15	15	15
ITSN2	15	15	15	15
AUTS2	15	15	15	15
SPC25	15	15	15	15
GTF2IRD1	15	15	15	15
CHDH	15	15	15	15
LITAF	15	15	15	15
GMCL1	15	15	15	15
L2HGDH	15	15	15	15
TARBP2	15	15	15	15
HS6ST2	15	15	15	15
IFNAR1	15	15	15	15
COL26A1	15	15	15	15
CCSER2	15	15	15	15
GCFC2	15	15	15	15
PHF21A	15	15	15	15
COMMD8	15	15	15	15
CSNK1G3	15	15	15	15
RNF185	15	15	15	15
KCNK2	15	15	15	15
ARL3	15	15	15	15
COA5	15	15	15	15
CIB1	15	15	15	15
CCNDBP1	15	15	15	15
ZNF266	15	15	15	15
TRERF1	15	15	15	15
RIPK1	15	15	15	15
ADCY9	15	15	15	15
SDF2	15	15	15	15
MUL1	15	15	15	15
SLC8B1	15	15	15	15
TNFRSF11A	15	15	15	15
SLC25A24	15	15	15	15
SLC35E1	15	15	15	15
FBRS	15	15	15	15
ABCF3	15	15	15	15
DDHD1	15	15	15	15
SMIM4	15	15	15	15
FAAP20	15	15	15	15
MED8	15	15	15	15
CSRP1	15	15	15	15
EEA1	15	15	15	15
SRBD1	15	15	15	15
DCK	15	15	15	15
OTUD6B	15	15	15	15
EMILIN3	15	15	15	15
ARMCX5	15	15	15	15
PDRG1	15	15	15	15
ACOT13	15	15	15	15
KDSR	15	15	15	15
ATP2B4	15	15	15	15
WDR70	15	15	15	15
NQO2	15	15	15	15
OTUD3	15	15	15	15
RXRB	15	15	15	15
EAPP	15	15	15	15
OSBPL3	15	15	15	15
KIAA0586	15	15	15	15
RP2	15	15	15	15
ZGRF1	15	15	15	15
TGIF2	15	15	15	15
ANKIB1	15	15	15	15
GFER	15	15	15	15
SMAP1	15	15	15	15
MPPED2	15	15	15	15
TRAPPC12	15	15	15	15
NOC4L	15	15	15	15
ZRANB1	15	15	15	15
HIBADH	15	15	15	15
VPS36	15	15	15	15
MIDN	15	15	15	15
CFDP1	15	15	15	15
TERF2	15	15	15	15
MND1	15	15	15	15
TRIM41	15	15	15	15
MORC2	15	15	15	15
B4GALNT4	15	15	15	15
FDXR	15	15	15	15
FOXP4	15	15	15	15
WDFY1	15	15	15	15
SLC25A16	15	15	15	15
BCAT2	15	15	15	15
EML3	15	15	15	15
GABBR1	15	15	15	15
GEMIN2	15	15	15	15
ITPR2	15	15	15	15
SAC3D1	15	15	15	15
FAM193A	15	15	15	15
ARV1	15	15	15	15
PAN3	15	15	15	15
VPS53	15	15	15	15
EMC6	15	15	15	15
ERICH1	15	15	15	15
TOR1AIP2	15	15	15	15
CACHD1	15	15	15	15
ZC3HC1	15	15	15	15
MINK1	15	15	15	15
THBS2	15	15	15	15
IGFBP5	15	15	15	15
STOM	15	15	15	15
DUSP7	15	15	15	15
ZFP36L2	15	15	15	15
SHTN1	15	15	15	15
CMIP	15	15	15	15
SGCB	15	15	15	15
SHOC2	15	15	15	15
HIPK3	15	15	15	15
NEURL4	15	15	15	15
TBC1D20	15	15	15	15
MPC2	15	15	15	15
SLC35A2	15	15	15	15
PACSIN3	15	15	15	15
CCDC34	15	15	15	15
CCDC97	15	15	15	15
FAM76B	15	15	15	15
ZDHHC8	15	15	15	15
E4F1	15	15	15	15
KBTBD6	15	15	15	15
ZNF331	15	15	15	15
SDR39U1	15	15	15	15
TRAPPC10	15	15	15	15
RNF181	15	15	15	15
SSBP2	15	15	15	15
KLC1	15	15	15	15
TRMT11	15	15	15	15
EMSY	15	15	15	15
SH3GLB2	15	15	15	15
CDIPT	15	15	15	15
POLE2	15	15	15	15
KITLG	15	15	15	15
SLC23A2	15	15	15	15
PRKAB1	15	15	15	15
VPS28	15	15	15	15
RFT1	15	15	15	15
AAMDC	15	15	15	15
CAAP1	15	15	15	15
CAMLG	15	15	15	15
FAM8A1	15	15	15	15
SMIM19	15	15	15	15
HERPUD1	15	15	15	15
RSBN1L	15	15	15	15
HIBCH	15	15	15	15
TAF1C	15	15	15	15
HPS1	15	15	15	15
SKIV2L	15	15	15	15
TFIP11	15	15	15	15
NOA1	15	15	15	15
ING3	15	15	15	15
GORASP1	15	15	15	15
ZADH2	15	15	15	15
SLC35F5	15	15	15	15
DSCC1	15	15	15	15
FZD6	15	15	15	15
PCGF6	15	15	15	15
NDRG2	15	15	15	15
MASTL	15	15	15	15
TRMT2B	15	15	15	15
BDH1	15	15	15	15
CEP104	15	15	15	15
DZIP3	15	15	15	15
CANT1	15	15	15	15
ARPC1B	15	15	15	15
ZNF217	15	15	15	15
BRPF1	15	15	15	15
PAPD4	15	15	15	15
PGM1	15	15	15	15
ITFG2	15	15	15	15
MED25	15	15	15	15
TMEM41A	15	15	15	15
CD55	15	15	15	15
LUZP1	15	15	15	15
ZFHX4	15	15	15	15
CDC25C	15	15	15	15
PSMA1	15	15	15	15
MBD6	15	15	15	15
FREM2	15	15	15	15
RRM2B	15	15	15	15
CDK17	15	15	15	15
EAF1	15	15	15	15
MED21	15	15	15	15
ZNF692	15	15	15	15
EPHA4	15	15	15	15
EXOSC1	15	15	15	15
PALD1	15	15	15	15
TRMT13	15	15	15	15
TMBIM1	15	15	15	15
QTRT1	15	15	15	15
GGPS1	15	15	15	15
EIF4ENIF1	15	15	15	15
CWC22	15	15	15	15
TRMT5	15	15	15	15
COLGALT2	15	15	15	15
PIGU	15	15	15	15
CRTC3	15	15	15	15
DHRS7	15	15	15	15
ACVR1B	15	15	15	15
CRYZ	15	15	15	15
DENND4C	15	15	15	15
CTSD	15	15	15	15
GULP1	15	15	15	15
PDE7A	15	15	15	15
CWC27	15	15	15	15
SYTL4	15	15	15	15
DPY19L4	15	15	15	15
GSTCD	15	15	15	15
SYNJ2BP	15	15	15	15
EHD4	15	15	15	15
MAP2K7	15	15	15	15
WDR90	15	15	15	15
N4BP2	15	15	15	15
TRIM5	15	15	15	15
PSMC3IP	15	15	15	15
RAB11FIP2	15	15	15	15
BRSK2	15	15	15	15
PALM	15	15	15	15
ASAP3	15	15	15	15
LAMTOR2	15	15	15	15
NHSL1	15	15	15	15
MARK2	15	15	15	15
NELL2	15	15	15	15
ZSCAN25	15	15	15	15
UHRF1BP1L	15	15	15	15
TBX5	15	15	15	15
STIM1	15	15	15	15
SPPL2B	15	15	15	15
KLHL21	15	15	15	15
ITFG1	15	15	15	15
PPP1R2	15	15	15	15
RINT1	15	15	15	15
NCKIPSD	15	15	15	15
B4GALT3	15	15	15	15
DMKN	15	15	15	15
TRMT1L	15	15	15	15
CTDSPL	15	15	15	15
ZFYVE21	15	15	15	15
ARPC4	15	15	15	15
ABHD14B	15	15	15	15
RNF168	15	15	15	15
MARC1	15	15	15	15
C1orf52	15	15	15	15
USP49	15	15	15	15
KLF6	15	15	15	15
HDHD2	15	15	15	15
SLC35A5	15	15	15	15
RAD17	15	15	15	15
MFAP3	15	15	15	15
SNX14	15	15	15	15
ALDH6A1	15	15	15	15
FLYWCH1	15	15	15	15
PMS1	15	15	15	15
GALK2	15	15	15	15
OSER1	15	15	15	15
CAMTA2	15	15	15	15
ZNF335	15	15	15	15
PEX10	15	15	15	15
NRM	15	15	15	15
ASAP2	15	15	15	15
EXOSC5	15	15	15	15
MPG	15	15	15	15
SPTY2D1	15	15	15	15
TMEM14A	15	15	15	15
HECTD3	15	15	15	15
B4GALNT1	15	15	15	15
KATNA1	15	15	15	15
AFF2	15	15	15	15
SNRNP48	15	15	15	15
MIOS	15	15	15	15
C12orf29	15	15	15	15
DPAGT1	15	15	15	15
DNAJB12	15	15	15	15
RNASEH2C	15	15	15	15
ARHGEF2	15	15	15	15
DRAP1	15	15	15	15
IMPACT	15	15	15	15
MARS2	15	15	15	15
KLHL15	15	15	15	15
NUP35	15	15	15	15
UTP15	15	15	15	15
TAF12	15	15	15	15
E2F6	15	15	15	15
NAT9	15	15	15	15
BNIP3L	15	15	15	15
YARS2	15	15	15	15
RPS10	15	15	15	15
FKTN	15	15	15	15
CRBN	15	15	15	15
LIFR	15	15	15	15
PTPN23	15	15	15	15
CAMKV	15	15	15	15
ELOVL2	15	15	15	15
GOSR2	15	15	15	15
KLF7	15	15	15	15
MATK	15	15	15	15
RNF141	15	15	15	15
NAA35	15	15	15	15
JMJD6	15	15	15	15
FAM104A	15	15	15	15
HARS2	15	15	15	15
SHC1	15	15	15	15
TRIM13	15	15	15	15
ZYG11B	15	15	15	15
BCKDK	15	15	15	15
SETD6	15	15	15	15
SGO2	15	15	15	15
PLEKHG3	15	15	15	15
TSNAX	15	15	15	15
E2F5	15	15	15	15
PSMG4	15	15	15	15
TRIM11	15	15	15	15
EPN2	15	15	15	15
MCU	15	15	15	15
PTCD2	15	15	15	15
DNPEP	15	15	15	15
SUCO	15	15	15	15
TRAPPC6B	15	15	15	15
TMEM135	15	15	15	15
PLEKHA7	15	15	15	15
EGLN1	15	15	15	15
PGAP1	15	15	15	15
ZEB1	15	15	15	15
CENPK	15	15	15	15
USP25	15	15	15	15
ANKS1A	15	15	15	15
BRCA2	15	15	15	15
COIL	15	15	15	15
LEMD3	15	15	15	15
GATA2	15	15	15	15
ZMAT3	15	15	15	15
SNAP47	15	15	15	15
UNC50	15	15	15	15
DCAKD	15	15	15	15
N4BP1	15	15	15	15
RPS6KA1	15	15	15	15
WDR27	15	15	15	15
RAB12	15	15	15	15
TOR1AIP1	15	15	15	15
INTS2	15	15	15	15
TUBGCP6	15	15	15	15
IFT27	15	15	15	15
NDUFAF5	15	15	15	15
RTCA	15	15	15	15
NFS1	15	15	15	15
ZNF593	15	15	15	15
ACTG2	15	15	15	15
ACAP3	15	15	15	15
CTSF	15	15	15	15
DPM2	15	15	15	15
YRDC	15	15	15	15
MOBP	15	15	15	15
ZNF516	15	15	15	15
ARID4B	15	15	15	15
INTS12	15	15	15	15
TRIM71	15	15	15	15
SH3D19	15	15	15	15
DIEXF	15	15	15	15
SLC10A3	15	15	15	15
KANK2	15	15	15	15
GPX7	15	15	15	15
KANK1	15	15	15	15
MRM3	15	15	15	15
CMTM7	15	15	15	15
ZNF687	15	15	15	15
ARHGAP1	15	15	15	15
CDC42EP3	15	15	15	15
CRNKL1	15	15	15	15
DIAPH2	15	15	15	15
KDM4B	15	15	15	15
BORA	15	15	15	15
RFK	15	15	15	15
TMEM128	15	15	15	15
ZNF385B	15	15	15	15
PGS1	15	15	15	15
DCAF17	15	15	15	15
METTL14	15	15	15	15
SLC35F6	15	15	15	15
SMIM20	15	15	15	15
EXOC1	15	15	15	15
TMOD2	15	15	15	15
BCAR1	15	15	15	15
TMTC4	15	15	15	15
SLC25A19	15	15	15	15
PIGO	15	15	15	15
PCLO	15	15	15	15
IFT57	15	15	15	15
CUTC	15	15	15	15
NECTIN1	15	15	15	15
RREB1	15	15	15	15
CEP135	15	15	15	15
RAB11FIP1	15	15	15	15
TMEM126A	15	15	15	15
IRF3	15	15	15	15
PRICKLE1	15	15	15	15
RBBP5	15	15	15	15
JAK1	15	15	15	15
POLH	15	15	15	15
PRRG1	15	15	15	15
FBXL19	15	15	15	15
RBPMS2	15	15	15	15
ZBTB5	15	15	15	15
RNF139	15	15	15	15
HDAC7	15	15	15	15
ANGEL1	15	15	15	15
SIPA1L1	15	15	15	15
USP37	15	15	15	15
TSPAN17	15	15	15	15
MAP3K4	15	15	15	15
TSFM	15	15	15	15
PHF13	15	15	15	15
HSF2	15	15	15	15
XRN1	15	15	15	15
PLXND1	15	15	15	15
SRRD	15	15	15	15
HPS3	15	15	15	15
C1orf112	15	15	15	15
TMEM184C	15	15	15	15
FAM193B	15	15	15	15
TRIP11	15	15	15	15
TTC14	15	15	15	15
TAL1	15	15	15	15
SEPT5	15	15	15	15
TFAP2C	15	15	15	15
IMPA1	15	15	15	15
DBR1	15	15	15	15
TENM4	15	15	15	15
FANCC	15	15	15	15
PINK1	15	15	15	15
EPB41L1	15	15	15	15
RAB28	15	15	15	15
MINPP1	15	15	15	15
CEP164	15	15	15	15
WDR55	15	15	15	15
PXYLP1	15	15	15	15
PTPRJ	15	15	15	15
DPH1	15	15	15	15
PLEKHG4B	15	15	15	15
PHYKPL	15	15	15	15
FADD	15	15	15	15
BTN2A1	15	15	15	15
DCAF10	15	15	15	15
CEP41	15	15	15	15
COG5	15	15	15	15
CCDC51	15	15	15	15
INTS9	15	15	15	15
SAV1	15	15	15	15
KIF18A	15	15	15	15
ANXA4	15	15	15	15
BRAP	15	15	15	15
ASB13	15	15	15	15
CPXM1	15	15	15	15
C2CD3	15	15	15	15
ALG1	15	15	15	15
THADA	15	15	15	15
FAM45A	15	15	15	15
CDC42SE2	15	15	15	15
TAF8	15	15	15	15
NF2	15	15	15	15
FBXO41	15	15	15	15
AGTPBP1	15	15	15	15
NAPRT	15	15	15	15
OGFRL1	15	15	15	15
HINT3	15	15	15	15
FAM120B	15	15	15	15
BCL7B	15	15	15	15
BCL2L12	15	15	15	15
FAAP100	15	15	15	15
FHL2	15	15	15	15
LRRC8A	15	15	15	15
OFD1	15	15	15	15
SLC9A6	15	15	15	15
INPP5A	15	15	15	15
FANCL	15	15	15	15
ADPRHL2	15	15	15	15
ITGA6	15	15	15	15
SHPRH	15	15	15	15
ZNF768	15	15	15	15
GGNBP2	15	15	15	15
LZIC	15	15	15	15
FAM217B	15	15	15	15
CECR2	15	15	15	15
SLF2	15	15	15	15
REEP2	15	15	15	15
OSBPL11	15	15	15	15
SCO2	15	15	15	15
FAM124A	15	15	15	15
TFB2M	15	15	15	15
RMND1	15	15	15	15
PIGA	15	15	15	15
NAF1	15	15	15	15
WIPF3	15	15	15	15
MNT	15	15	15	15
KLHL8	15	15	15	15
AGO3	15	15	15	15
GOLGA3	15	15	15	15
BIRC2	15	15	15	15
CPE	15	15	15	15
CSRP2	15	15	15	15
TBK1	15	15	15	15
TRIM54	15	15	15	15
PIGK	15	15	15	15
MFHAS1	15	15	15	15
IQSEC1	15	15	15	15
WDR54	15	15	15	15
SNUPN	15	15	15	15
NRDE2	15	15	15	15
DCUN1D2	15	15	15	15
CFAP36	15	15	15	15
EXOC3	15	15	15	15
POMGNT2	15	15	15	15
CUL7	15	15	15	15
TMEM170B	15	15	15	15
CEP152	15	15	15	15
TMEM170A	15	15	15	15
TYSND1	15	15	15	15
GATAD1	15	15	15	15
IGSF3	15	15	15	15
SLC25A15	15	15	15	15
RFXANK	15	15	15	15
TM2D3	15	15	15	15
ZBTB1	15	15	15	15
CDK8	15	15	15	15
PTS	15	15	15	15
COQ2	15	15	15	15
ZBTB39	15	15	15	15
REXO2	15	15	15	15
ARL14EP	15	15	15	15
TTC5	15	15	15	15
RXRA	15	15	15	15
ZNF518A	15	15	15	15
DNASE2	15	15	15	15
TBX1	15	15	15	15
RNF121	15	15	15	15
OIP5	15	15	15	15
SIRT2	15	15	15	15
SLC26A2	15	15	15	15
HSPB11	15	15	15	15
VPS37A	15	15	15	15
EIF1AD	15	15	15	15
SEL1L3	15	15	15	15
KLHL22	15	15	15	15
MEGF9	15	15	15	15
ST6GALNAC6	15	15	15	15
CDK5	15	15	15	15
R3HDM4	15	15	15	15
CLDN12	15	15	15	15
FGF13	15	15	15	15
ATE1	15	15	15	15
WDR44	15	15	15	15
FBXO30	15	15	15	15
TRIM32	15	15	15	15
USP4	15	15	15	15
ZNRD1	15	15	15	15
C10orf76	15	15	15	15
SURF2	15	15	15	15
GIT2	15	15	15	15
TEX2	15	15	15	15
ZBTB21	15	15	15	15
FAM207A	15	15	15	15
USP6NL	15	15	15	15
MSANTD4	15	15	15	15
KIAA1522	15	15	15	15
EYA4	15	15	15	15
CTTNBP2	15	15	15	15
TMEM63B	15	15	15	15
C2orf49	15	15	15	15
MTMR14	15	15	15	15
NEU3	15	15	15	15
TPCN1	15	15	15	15
GEMIN6	15	15	15	15
CREG1	15	15	15	15
TOE1	15	15	15	15
