gene	hap1_time1_observed_logFC	torin_time1_observed_logFC	time1_pval	time1_residual_logFC	time1_fdr	time1_significant	time1_response
RHOT1/RHOT2	-2.88886830796814	-1.37294525841292	0.00011526707290591	1.51592304955521	0.00331130100385683	TRUE	Suppressor
MTX1/MTX3	-2.04929968498118	-0.732259030119801	0.000346625804662318	1.31704065486138	0.00726796042033892	TRUE	Suppressor
LSM14A/LSM14B	-0.245159641806787	1.04584154384507	8.86689760919664e-08	1.29100118565185	1.15269668919556e-05	TRUE	Suppressor
PTBP1/PTBP3	-0.327253579806169	0.874871538382142	2.2573336212932e-08	1.20212511818831	7.33633426920289e-06	TRUE	Suppressor
CREBBP/EP300	-1.40890340851406	-0.230007385186393	0.00190858669684926	1.17889602332767	0.0258454448531671	FALSE	None
ROCK1/ROCK2	0.602345552262921	1.77950442224912	3.82801156988584e-08	1.1771588699862	8.29402506808598e-06	TRUE	Suppressor
PKN2/PKN3	-0.956164029649452	0.178560883196584	9.69653385399462e-07	1.13472491284604	7.87843375637063e-05	TRUE	Suppressor
ARL8A/ARL8B	-1.08566753790463	-0.00415386124128873	0.000511255507851587	1.08151367666334	0.00949474514581519	TRUE	Suppressor
LIN28A/LIN28B	-0.392123497599332	0.686948784532162	1.48943847660711e-05	1.07907228213149	0.000645423339863081	TRUE	Suppressor
NRBP1/NRBP2	-0.616548484382191	0.448136575183416	0.000718634256850065	1.06468505956561	0.0120058158507664	FALSE	None
NCOR1/NCOR2	-0.280028994957961	0.77291060154475	0.0039124858701399	1.05293959650271	0.047094737325758	FALSE	None
SLC16A1/SLC16A3	-0.965501757558452	0.0839591380280138	0.000300627764942442	1.04946089558647	0.00667178346344492	TRUE	Suppressor
SAMD4A/SAMD4B	-1.49891972083787	-0.480485725440568	0.000300627764942442	1.0184339953973	0.00667178346344492	TRUE	Suppressor
GNA12/GNA13	0.0311609000819868	1.02151382860838	0.0013766400292641	0.990352928526388	0.0210543999945804	FALSE	None
KDM2A/KDM2B	-0.495463767617501	0.471683193462208	0.0243038774622728	0.967146961079709	0.17171217772258	FALSE	None
BRD4/KDM6B	-0.736728601148724	0.229854163233288	0.000718634256850065	0.966582764382012	0.0120058158507664	FALSE	None
BRD4/KDM4C	-0.475582655419592	0.470818271331022	0.0182794093328219	0.946400926750614	0.146686618102892	FALSE	None
HNRNPF/HNRNPH3	-1.6459198586605	-0.752984846932999	0.00251988742633739	0.892935011727505	0.0334270781044756	FALSE	None
PTBP1/PTBP2	-1.40399890515362	-0.51626592389939	0.0033935372788444	0.887732981254229	0.0424192159855551	FALSE	None
OTX1/OTX2	-0.220808442268346	0.612988202420398	0.000360683026982606	0.833796644688744	0.00732637398558418	TRUE	Suppressor
RIC8A/RIC8B	-0.108756879827237	0.709273592853715	8.74923361042985e-06	0.818030472680952	0.000437461680521493	TRUE	Suppressor
TPM1/TPM2	-0.677393615268252	0.136045235068932	8.70214667600453e-05	0.813438850337185	0.00269352159019188	TRUE	Suppressor
SAP30/SAP30L	-0.172886103341607	0.626395174598523	0.000117169112444165	0.79928127794013	0.00331130100385683	TRUE	Suppressor
PIP4K2A/PIP4K2B	-0.0734187771953084	0.714410026069279	1.93711373452339e-06	0.787828803264587	0.000139902658604467	TRUE	Suppressor
ANKRD11/ANKRD12	-0.282653046624937	0.501635460533045	8.74923361042985e-06	0.784288507157982	0.000437461680521493	TRUE	Suppressor
CAPRIN1/CAPRIN2	-0.0302720819609945	0.751616402098333	5.21594606696774e-05	0.781888484059328	0.00178440260185739	TRUE	Suppressor
LARP1/LARP1B	-0.693956575000218	0.00308401520349012	0.00364480475749574	0.697040590203708	0.0447004357051364	FALSE	None
MLLT1/MLLT3	-0.0725165096317945	0.62228526529703	4.19954813792792e-06	0.694801774928824	0.000272970628965315	TRUE	Suppressor
GATAD2A/GATAD2B	-0.508229106086007	0.180533337544733	0.0302666613325909	0.688762443630741	0.192875783001805	FALSE	None
RNF115/RNF126	-0.202621213575832	0.477597157299653	2.20016186310249e-05	0.680218370875484	0.000893815756885386	TRUE	Suppressor
RHPN1/RHPN2	-0.0272526949910342	0.632839540567358	0.0414876722631996	0.660092235558392	0.224724891425664	FALSE	None
TLN1/TLN2	-1.72145698007468	-1.08644925702407	0.0559615691465394	0.635007723050607	0.261690790973026	FALSE	None
SIN3A/SIN3B	-1.27161317786439	-0.648212416536462	0.0436576356607178	0.623400761327927	0.232602157208742	FALSE	None
RAVER1/RAVER2	0.150633261595632	0.769132456015992	0.0288344510776603	0.61849919442036	0.191248910208971	FALSE	None
PDS5A/PDS5B	-2.28287938576347	-1.67005728162334	0.0948724469035647	0.612822104140129	0.364894026552172	FALSE	None
MSI1/MSI2	-0.106782509871517	0.499311195285522	0.000250456050110561	0.60609370515704	0.00602949750266165	TRUE	Suppressor
LIMK1/LIMK2	-0.119803110285873	0.484347669750612	0.00187727955214626	0.604150780036486	0.0258454448531671	FALSE	None
PMM1/PMM2	-2.2016231361591	-1.5988236634877	0.143162657334892	0.602799472671407	0.45847211989641	FALSE	None
FUBP1/FUBP3	-1.24831955767968	-0.661678111277535	0.0851519450404021	0.586641446402145	0.343781144573052	FALSE	None
LRRC1/SCRIB	0.430017476050218	1.01009971829614	0.0414876722631996	0.580082242245919	0.224724891425664	FALSE	None
GNL3/GNL3L	-1.84263499522953	-1.26473323493893	0.178473760650817	0.577901760290598	0.517892609031389	FALSE	None
RANBP10/RANBP9	-0.38549115150982	0.188350928751125	0.0459206839409298	0.573842080260945	0.240713262593584	FALSE	None
CSNK2A1/CSNK2A2	-0.131675904020838	0.422886801002228	0.0127812292069938	0.554562705023066	0.117011253303465	FALSE	None
OTUB1/OTUB2	-0.138430031694927	0.415905858724566	0.00139282953810301	0.554335890419493	0.0210543999945804	FALSE	None
ZCCHC11/ZCCHC6	-0.601445290156409	-0.0539200158512704	0.00676255383690067	0.547525274305139	0.0708977418384747	FALSE	None
COMP/THBS3	-0.888369132402455	-0.348431357934018	0.00882482177905675	0.539937774468437	0.0869111235816195	FALSE	None
TIA1/TIAL1	-1.08208222594435	-0.543010202031472	0.351411521948121	0.539072023912879	0.694278082876227	FALSE	None
MAP3K2/MAP3K3	-0.48307845187275	0.0504273150549388	0.206792440630272	0.533505766927688	0.557738947757995	FALSE	None
MAP2K1/MAP2K2	-0.880768462861852	-0.353945593213578	0.0677264535477586	0.526822869648274	0.293481298706954	FALSE	None
INPP4A/INPP4B	0.7854801420047	1.30698517289469	0.02331559825526	0.52150503088999	0.17171217772258	FALSE	None
E2F7/E2F8	0.970707109830592	1.48850373783856	0.192257400605712	0.517796628007969	0.543336132146578	FALSE	None
APBA2/APBA3	-0.20592106729318	0.311359227713103	0.256747711378733	0.517280295006283	0.611304074711269	FALSE	None
IMPDH1/IMPDH2	-1.92110879595057	-1.4083900265351	0.0372839207451516	0.512718769415467	0.215223074527531	FALSE	None
TNKS/TNKS2	-0.96904806312146	-0.459149244584137	0.199430058451145	0.509898818537324	0.55634994846886	FALSE	None
PHACTR2/PHACTR4	-0.229373671739288	0.280338073862149	0.0055303422025576	0.509711745601437	0.0589298759288925	FALSE	None
SP1/SP3	-0.739453216805673	-0.233583710628447	0.00516614058182896	0.505869506177226	0.0578964030722211	FALSE	None
GNB1/GNB4	-0.664348706028111	-0.163149636999877	0.00293679351298998	0.501199069028234	0.03742972124399	FALSE	None
BMPR1A/BMPR1B	-0.94461214608893	-0.451881996510869	0.143184369752263	0.492730149578061	0.45847211989641	FALSE	None
BTBD1/BTBD2	-0.470747052400029	0.0196914568744247	0.0105607660709543	0.490438509274453	0.0985786612848023	FALSE	None
STRIP1/STRIP2	-1.56294944560133	-1.07921039115581	0.137635166423916	0.483739054445522	0.456443153956864	FALSE	None
IGF2BP1/IGF2BP3	-0.276129407735317	0.200040661690001	0.0162561154210267	0.476170069425318	0.13571371977024	FALSE	None
XYLT1/XYLT2	-1.16051498982838	-0.688768468721217	0.243989200836726	0.471746521107166	0.59564816720815	FALSE	None
PAPSS1/PAPSS2	-1.34940058423645	-0.880487617988804	0.0162561154210267	0.468912966247643	0.13571371977024	FALSE	None
OGDH/OGDHL	-2.17100785054863	-1.70617779503955	0.297713615659202	0.464830055509085	0.65331661340407	FALSE	None
MKNK1/MKNK2	0.239317349031281	0.701357464436596	0.0319362751924331	0.462040115405315	0.201539600728947	FALSE	None
SFXN4/SFXN5	-0.516869222633451	-0.0587349051516337	0.115306510260875	0.458134317481818	0.414084152870546	FALSE	None
AXIN1/AXIN2	-0.0080129604328783	0.447213488660879	0.0743157352487539	0.455226449093757	0.311646631688323	FALSE	None
RYBP/YAF2	0.0535286828348483	0.502897945457107	0.0243038774622728	0.449369262622258	0.17171217772258	FALSE	None
YIPF1/YIPF2	-0.0406567097587836	0.393477895345155	0.00117456776200243	0.434134605103938	0.0186211962268677	FALSE	None
CORO2A/CORO2B	-0.360832258585762	0.0721397183972945	0.0709596503403823	0.432971976983057	0.303445873166108	FALSE	None
PUM1/PUM2	-1.29196307081139	-0.860082398561049	0.0482796869790336	0.431880672250342	0.241398434895168	FALSE	None
ELMO2/ELMO3	-0.793076214965468	-0.363897186623685	0.110554262046589	0.429179028341782	0.403709383877995	FALSE	None
LETM1/LETM2	-1.03114705475621	-0.602164495920081	0.0372839207451516	0.428982558836125	0.215223074527531	FALSE	None
BCL2L1/BCL2L2	-2.8943744667587	-2.46592966284306	0.591368108210958	0.428444803915644	0.84739355749755	FALSE	None
BAIAP3/UNC13D	-0.869976608224832	-0.4425679085606	0.0867016721555409	0.427408699664232	0.34787707963643	FALSE	None
ELAVL1/ELAVL2	-0.327976918127343	0.093470733828338	0.222093193036212	0.421447651955681	0.570595159974459	FALSE	None
MICALL1/MICALL2	-0.267930611700518	0.142774941447666	0.227670759592938	0.410705553148184	0.575086691056178	FALSE	None
STK38/STK38L	-0.165277128827625	0.241900791735257	0.0459206839409298	0.407177920562883	0.240713262593584	FALSE	None
PPARGC1A/PPRC1	-1.26874588108093	-0.868570272733942	0.0851519450404021	0.400175608346987	0.343781144573052	FALSE	None
ACVR2A/ACVR2B	-0.635070841771856	-0.238779293375431	0.0634793489995475	0.396291548396425	0.287661016215074	FALSE	None
YIF1A/YIF1B	-1.10782800474474	-0.718022950586098	0.283607296305189	0.389805054158643	0.64231617630095	FALSE	None
AP3B1/AP3B2	-0.698661559746976	-0.31092813742296	0.135903356645343	0.387733422324016	0.455346298038519	FALSE	None
ZNF503/ZNF703	-0.0847596688278387	0.302323249622548	0.157705812932668	0.387082918450387	0.485735207959019	FALSE	None
PAIP1/PAIP2	-0.0884821667265807	0.28788011415386	0.0930466180219924	0.376362280880441	0.36215749529518	FALSE	None
GMFB/GMFG	-0.334219917484018	0.0318283359183496	0.0355081424433434	0.366048253402367	0.213706412853456	FALSE	None
CASKIN1/CASKIN2	-0.723241939239919	-0.359866937033423	0.302483354938611	0.363375002206496	0.65331661340407	FALSE	None
PLCG1/PLCG2	0.108759585178444	0.471482597643972	0.0532971859384616	0.362723012465528	0.256616080444445	FALSE	None
MTSS1/MTSS1L	0.255110213821987	0.614667932810669	0.272703911388575	0.359557718988682	0.628572845399199	FALSE	None
SLC52A2/SLC52A3	0.145846045058352	0.492774348628897	0.384241116403253	0.346928303570545	0.723932538151057	FALSE	None
LMBR1/LMBR1L	-0.00606535163543475	0.329742511118325	0.192257400605712	0.33580786275376	0.543336132146578	FALSE	None
MECOM/PRDM16	0.373600229850602	0.699367622840705	0.0677264535477586	0.325767392990103	0.293481298706954	FALSE	None
CYB5A/CYB5B	-0.0908699784869744	0.234436990072266	0.185272618270148	0.325306968559241	0.530516307822009	FALSE	None
SLC25A12/SLC25A13	-0.910147583461093	-0.585255607222771	0.0677264535477586	0.324891976238322	0.293481298706954	FALSE	None
DOK1/DOK3	-0.325841750084939	-0.00239600697208045	0.705414168897006	0.323445743112859	0.896767162176691	FALSE	None
SLC9A3/SLC9A5	-0.180570452989959	0.142706479799478	0.0482796869790336	0.323276932789437	0.241398434895168	FALSE	None
BCL2L1/MCL1	-2.2070909900497	-1.8843654655189	0.389894470331993	0.322725524530792	0.730349872379814	FALSE	None
MAPKBP1/WDR62	-1.05107872317616	-0.729675935549961	0.348013764322864	0.321402787626203	0.694278082876227	FALSE	None
ATXN1/ATXN1L	0.205859153398254	0.527207148201774	0.204710004636418	0.32134799480352	0.557738947757995	FALSE	None
PRKAR1A/PRKAR1B	0.261822603034715	0.581666986161771	0.0559615691465394	0.319844383127055	0.261690790973026	FALSE	None
SEC61A1/SEC61A2	-1.69280551971541	-1.37990608508836	0.227695999655483	0.312899434627048	0.575086691056178	FALSE	None
PLCL1/PLCL2	0.124277850974092	0.434684788781839	0.0677264535477586	0.310406937807747	0.293481298706954	FALSE	None
ARHGEF1/ARHGEF12	-0.00920540843790377	0.293071557205091	0.0482796869790336	0.302276965642995	0.241398434895168	FALSE	None
APH1A/APH1B	-0.659761976314998	-0.361803787087619	0.0507375437531646	0.297958189227379	0.247965439395166	FALSE	None
SLC12A4/SLC12A5	0.00727728510557146	0.304487282943732	0.37309905534244	0.297209997838161	0.713277605801724	FALSE	None
PPP2CA/PPP2CB	-1.92241301836152	-1.62643306855572	0.403638180631546	0.295979949805797	0.741143552007076	FALSE	None
RAB26/RAB37	-0.162873624638185	0.129683317498692	0.0482796869790336	0.292556942136877	0.241398434895168	FALSE	None
CCDC102A/CCDC102B	0.510551079334496	0.800587628048369	0.178473760650817	0.290036548713873	0.517892609031389	FALSE	None
VAPA/VAPB	-0.305731968809784	-0.0297055818822725	0.616516480356682	0.276026386927512	0.852629174961369	FALSE	None
IL16/PDZD2	0.0763719890826923	0.349016606586047	0.37309905534244	0.272644617503355	0.713277605801724	FALSE	None
PPIB/PPIC	-1.07606005065286	-0.803765556574372	0.310444457705876	0.272294494078493	0.657292825761627	FALSE	None
USP16/USP45	-0.181225599498308	0.0889583960914132	0.223759292851253	0.270183995589721	0.572612363595725	FALSE	None
RASSF7/RASSF8	-0.125451740027815	0.143387591062327	0.252358626368358	0.268839331090142	0.607530026442344	FALSE	None
GPR137/GPR137C	-0.172949839605386	0.0924993034989846	0.37309905534244	0.265449143104371	0.713277605801724	FALSE	None
PIK3CB/PIK3CD	-1.3108535092236	-1.05329083384318	0.137635166423916	0.257562675380421	0.456443153956864	FALSE	None
UBE2Q1/UBE2Q2	-0.608214619075116	-0.352505238626673	0.302404595949366	0.255709380448442	0.65331661340407	FALSE	None
ZMIZ1/ZMIZ2	0.305502703977691	0.559324156854859	0.0217175252005167	0.253821452877168	0.166075192709834	FALSE	None
SGTA/SGTB	-0.151138474507023	0.102546487829371	0.148903644567255	0.253684962336395	0.465323889272672	FALSE	None
KCTD2/KCTD5	0.244812818355898	0.494804866862204	0.292968963675547	0.249992048506306	0.649931148085684	FALSE	None
UBQLN1/UBQLN4	-0.101151717860271	0.14780775847435	0.0646130897960012	0.248959476334621	0.287661016215074	FALSE	None
TNK1/TNK2	-0.1287218591085	0.115771196874766	0.384241116403253	0.244493055983267	0.723932538151057	FALSE	None
SAMD1/SAMD13	0.146414002205928	0.39082043796308	0.310444457705876	0.244406435757152	0.657292825761627	FALSE	None
CALB1/CALB2	0.0722589830428663	0.316646017834199	0.159171691223494	0.244387034791333	0.485735207959019	FALSE	None
NDE1/NDEL1	-1.08338497760051	-0.839282416693915	0.546368677913132	0.24410256090659	0.827831330171413	FALSE	None
EMX1/EMX2	-0.132006539585056	0.111207503319264	0.101506067185558	0.24321404290432	0.385841775851537	FALSE	None
SOX5/SOX6	-0.0125975765085071	0.230210222432017	0.230034676422471	0.242807798940524	0.575086691056178	FALSE	None
QPCT/QPCTL	0.0107602981664358	0.251274300341002	0.340867860214887	0.240514002174566	0.688087295464834	FALSE	None
SFXN1/SFXN3	-0.478353734217646	-0.238357739434785	0.130510373356381	0.239995994782861	0.446482856219199	FALSE	None
ATF6/ATF6B	-0.449362806885121	-0.21082213491216	0.291171026407298	0.238540671972962	0.649931148085684	FALSE	None
CCNL1/CCNL2	-2.45992264606852	-2.22306599025926	0.529347858310023	0.23685665580926	0.815346227254774	FALSE	None
BMI1/PCGF2	0.332050006052901	0.568006212744454	0.430768442815985	0.235956206691552	0.742704211751698	FALSE	None
ENO1/ENO3	-3.25038647898197	-3.02004228768684	0.536175709430201	0.23034419129513	0.818108476830119	FALSE	None
CCNA1/CCNA2	-1.87768764828833	-1.64992623423518	0.95927643725843	0.227761414053149	0.991303154559586	FALSE	None
ESRP1/ESRP2	-0.0468754524140425	0.177540727876818	0.0890301957343457	0.22441618029086	0.348612212212799	FALSE	None
WIPI1/WIPI2	-0.332976870428527	-0.110708091917816	0.814269220991486	0.222268778510711	0.93511482976054	FALSE	None
STX10/STX6	0.118640981884684	0.338152756104008	0.430768442815985	0.219511774219325	0.742704211751698	FALSE	None
PTK2/PTK2B	-0.942864981816238	-0.726485282188779	0.642653082080753	0.216379699627459	0.872449817638701	FALSE	None
PPA1/PPA2	-3.10917442119846	-2.8934558582438	0.812469114793214	0.215718562954661	0.93511482976054	FALSE	None
BANK1/PIK3AP1	-0.17562925148864	0.0400413819035477	0.310444457705876	0.215670633392187	0.657292825761627	FALSE	None
RBMS1/RBMS3	0.418215428488346	0.633559984431209	0.246506703044604	0.215344555942863	0.59564816720815	FALSE	None
PTPN1/PTPN2	-0.00512167672636485	0.209651437502443	0.340867860214887	0.214773114228808	0.688087295464834	FALSE	None
GREB1/GREB1L	0.304115273127263	0.517878494184571	0.125281743741575	0.213763221057308	0.437812545333461	FALSE	None
PIEZO1/PIEZO2	0.0993061679157309	0.297157931155883	0.0709596503403823	0.197851763240152	0.303445873166108	FALSE	None
PRKCD/PRKCQ	0.133617975656726	0.328226129575485	0.130510373356381	0.194608153918759	0.446482856219199	FALSE	None
GDPD1/GDPD3	-0.592064689155715	-0.398523311791703	0.302535847130193	0.193541377364012	0.65331661340407	FALSE	None
TJP2/TJP3	-0.141476760514872	0.0520095285817314	0.206792440630272	0.193486289096603	0.557738947757995	FALSE	None
DUSP15/DUSP22	-0.560110772098299	-0.367421327156099	0.509237181880507	0.192689444942201	0.805544771623655	FALSE	None
FHOD1/FHOD3	0.158871091362713	0.348728441523779	0.418845831769773	0.189857350161066	0.742704211751698	FALSE	None
RBM15/RBM15B	-0.519583128254749	-0.333647339272355	0.695139194298764	0.185935788982393	0.893066339045557	FALSE	None
RFX5/RFX7	-0.450744736902582	-0.265271006814732	0.95927643725843	0.18547373008785	0.991303154559586	FALSE	None
OSR1/OSR2	0.112460157883391	0.29645877307487	0.690279643084975	0.183998615191479	0.893066339045557	FALSE	None
ISL1/ISL2	-0.352819873056839	-0.168900680389235	0.451630794077147	0.183919192667604	0.768481717670539	FALSE	None
APLP1/APLP2	0.0228103481632054	0.204737935843273	0.894378126272837	0.181927587680068	0.968909636795573	FALSE	None
ITGA4/ITGA9	-0.0853440538179309	0.0936084866818374	0.362155524599257	0.178952540499768	0.702689823849304	FALSE	None
RHBDF1/RHBDF2	-0.591450100397142	-0.415875072742599	0.522675546692296	0.175575027654543	0.806981247862214	FALSE	None
RGMA/RGMB	0.00986980952996701	0.181601500519815	0.272703911388575	0.171731690989848	0.628572845399199	FALSE	None
ADAMTSL1/ADAMTSL3	-0.0691475816209025	0.0993481639998763	0.147193088330826	0.168495745620779	0.462200518913221	FALSE	None
SLC25A33/SLC25A36	0.0180985080630814	0.184882688374607	0.147193088330826	0.166784180311525	0.462200518913221	FALSE	None
PPP1CA/PPP1CC	-1.3150772316437	-1.14900574690366	0.660377400428063	0.166071484740038	0.872449817638701	FALSE	None
CHCHD3/CHCHD6	-0.571409085365151	-0.406384835755171	0.457888852292946	0.165024249609981	0.769063963799521	FALSE	None
ERLIN1/ERLIN2	0.0331344083335131	0.197134634263453	0.602179893814338	0.16400022592994	0.852629174961369	FALSE	None
R3HCC1/R3HCC1L	0.398894749607583	0.562336449278773	0.300706829728931	0.16344169967119	0.65331661340407	FALSE	None
CAND1/CAND2	0.172853059647876	0.336222142423548	0.480345250423796	0.163369082775672	0.788445486806736	FALSE	None
DMWD/WDR20	-0.308408930778199	-0.145296833449516	0.690279643084975	0.163112097328683	0.893066339045557	FALSE	None
KLF10/KLF11	-0.478256128111122	-0.315667609136306	0.587992653723386	0.162588518974816	0.84739355749755	FALSE	None
COPG1/COPG2	-2.22164942475737	-2.06203732197402	0.975324441631052	0.159612102783353	0.996450957619091	FALSE	None
SPIRE1/SPIRE2	-0.497547749617983	-0.340111576470524	0.427253817473145	0.157436173147459	0.742704211751698	FALSE	None
CAB39/CAB39L	-1.06339182153814	-0.90744341767595	0.351411521948121	0.15594840386219	0.694278082876227	FALSE	None
SPOP/SPOPL	-0.0672981729094725	0.0838062636375807	0.384241116403253	0.151104436547053	0.723932538151057	FALSE	None
DLG1/DLG4	-0.184396314322767	-0.0361816498507458	0.757090911287619	0.148214664472021	0.91983007913449	FALSE	None
DYNLL1/DYNLL2	-0.238245929736401	-0.0931146868096531	0.757090911287619	0.145131242926748	0.91983007913449	FALSE	None
AGPAT3/AGPAT4	0.118477607217596	0.263335710224289	0.281836840523597	0.144858103006693	0.64231617630095	FALSE	None
DAAM1/DAAM2	0.18482316033423	0.327521804683001	0.926767514801739	0.142698644348771	0.973180750599565	FALSE	None
SOX11/SOX12	0.619477302366702	0.760085579441179	0.310444457705876	0.140608277074477	0.657292825761627	FALSE	None
PDE8A/PDE8B	-0.39645677289006	-0.255939514312547	0.291171026407298	0.140517258577513	0.649931148085684	FALSE	None
ARNT/ARNT2	-0.771267503826018	-0.631581515452378	0.310444457705876	0.13968598837364	0.657292825761627	FALSE	None
SUN1/SUN2	-0.105733997329898	0.0325248934643023	0.542892444303981	0.1382588907942	0.826417069783577	FALSE	None
RAB22A/RAB31	0.44778953575492	0.584019655141608	0.230034676422471	0.136230119386688	0.575086691056178	FALSE	None
ELK3/ELK4	0.0777673550681935	0.213343197563894	0.337521389964416	0.135575842495701	0.688087295464834	FALSE	None
LDHA/LDHC	-0.0102783872228746	0.124388793887932	0.506231587263128	0.134667181110806	0.804524527435289	FALSE	None
CC2D1A/CC2D1B	-0.565861727272547	-0.431701485137472	0.482844415022241	0.134160242135074	0.789225086162118	FALSE	None
SLC24A1/SLC24A2	-0.494147276131534	-0.361846697295222	0.37309905534244	0.132300578836312	0.713277605801724	FALSE	None
ADAMTS10/ADAMTS6	0.16343909117152	0.295326732861252	0.407115953422494	0.131887641689732	0.742704211751698	FALSE	None
EBF1/EBF3	1.04302657578918	1.1745399462035	0.630998003515649	0.131513370414324	0.865292620854793	FALSE	None
PAFAH1B2/PAFAH1B3	0.585732614852256	0.716161607874521	0.705414168897006	0.130428993022265	0.896767162176691	FALSE	None
DDHD2/SEC23IP	0.206865672781182	0.334283144357707	0.480345250423796	0.127417471576525	0.788445486806736	FALSE	None
PARP1/PARP2	-0.202466899681632	-0.0792383849730226	0.519439475094657	0.12322851470861	0.805813028189802	FALSE	None
TOP2A/TOP2B	-2.33347602261171	-2.21103054102348	0.836633031283295	0.122445481588231	0.950719353731017	FALSE	None
SOCS4/SOCS5	-0.194519919715386	-0.0722688944019013	0.602179893814338	0.122251025313484	0.852629174961369	FALSE	None
EHBP1/EHBP1L1	-0.578112020056384	-0.455959497074233	0.418845831769773	0.122152522982151	0.742704211751698	FALSE	None
CCNY/CCNYL1	0.683470621761772	0.805294434227761	0.310444457705876	0.121823812465989	0.657292825761627	FALSE	None
SLC29A1/SLC29A2	-0.45886273723152	-0.337895304500507	0.44288187989369	0.120967432731013	0.755572760973486	FALSE	None
PARP6/PARP8	-0.587307340893436	-0.467715086402931	0.455184044167307	0.119592254490505	0.769063963799521	FALSE	None
ADAP1/ADAP2	-0.650230051868675	-0.530777840435903	0.288249420703209	0.119452211432772	0.649931148085684	FALSE	None
PRKCA/PRKCB	-0.053193207056255	0.0646204529803055	0.587992653723386	0.117813660036561	0.84739355749755	FALSE	None
JAG1/JAG2	-0.0298475264757612	0.0872397309101885	0.814269220991486	0.11708725738595	0.93511482976054	FALSE	None
CANX/CLGN	0.421624724722425	0.537802078773269	0.493199173554005	0.116177354050844	0.793513521807186	FALSE	None
HOOK1/HOOK2	0.145805515409251	0.26050388934907	0.660377400428063	0.114698373939819	0.872449817638701	FALSE	None
STRADA/STRADB	-0.42548397310316	-0.311935596377938	0.216008118627792	0.113548376725222	0.566150310919616	FALSE	None
ATP8A1/ATP8A2	-0.0279417143195983	0.0830745930382595	0.798446530473077	0.111016307357858	0.93511482976054	FALSE	None
ELMOD1/ELMOD2	0.278499929239394	0.3886778228672	0.185272618270148	0.110177893627806	0.530516307822009	FALSE	None
NLN/THOP1	-0.324732686440485	-0.216138907227374	0.110554262046589	0.108593779213111	0.403709383877995	FALSE	None
PPFIA1/PPFIA3	-0.152968525638654	-0.0467412926380121	0.660377400428063	0.106227233000642	0.872449817638701	FALSE	None
CDK14/CDK15	0.261035337741604	0.359832277740425	0.587992653723386	0.0987969399988212	0.84739355749755	FALSE	None
PRKAR2A/PRKAR2B	0.102470349244662	0.200262666792968	0.983548616984565	0.0977923175483062	0.996450957619091	FALSE	None
PXN/TGFB1I1	-0.694501670255717	-0.597867564114347	0.660377400428063	0.0966341061413707	0.872449817638701	FALSE	None
PHLDB1/PHLDB3	0.0648546572514165	0.160448556405544	0.602179893814338	0.0955938991541271	0.852629174961369	FALSE	None
PLPPR3/PLPPR4	0.118078157885588	0.213624496081635	0.430768442815985	0.0955463381960477	0.742704211751698	FALSE	None
VPS13A/VPS13C	-0.137927110037627	-0.0433128265581735	0.362155524599257	0.0946142834794535	0.702689823849304	FALSE	None
ENO2/ENO3	-0.510828960143001	-0.416467435341005	0.587992653723386	0.0943615248019954	0.84739355749755	FALSE	None
BRAF/MAP2K1	-0.502495512568385	-0.412959470374313	0.862160641566881	0.0895360421940724	0.954692362893479	FALSE	None
GOLGA7/GOLGA7B	0.384382938655893	0.47287224329809	0.50935215559588	0.0884893046421973	0.805544771623655	FALSE	None
RAB34/RAB36	-0.985971619843055	-0.898528106513661	0.943010333587574	0.0874435133293945	0.982302430820389	FALSE	None
PHF20/PHF20L1	-0.315785048347205	-0.228468738731929	0.782704652224925	0.0873163096152764	0.930087795148449	FALSE	None
EXT1/EXTL1	-0.455331502157155	-0.372082975214378	0.99185195319931	0.0832485269427771	0.996450957619091	FALSE	None
ATP9A/ATP9B	0.489437692038258	0.572021612352239	0.710515520801532	0.0825839203139805	0.896767162176691	FALSE	None
CBX1/CBX5	-0.00174916418318425	0.0796835237785242	0.606102188246986	0.0814326879617085	0.852629174961369	FALSE	None
TRA2A/TRA2B	-1.96794011306452	-1.8904067260008	0.788460357381613	0.077533387063716	0.930350559295237	FALSE	None
DNAJA1/DNAJA4	-1.11749189855646	-1.04174789745387	0.23817210115098	0.0757440011025987	0.590884983771515	FALSE	None
BEGAIN/TJAP1	-0.258375253521257	-0.183922200504198	0.467672657759921	0.0744530530170593	0.777460940010099	FALSE	None
PPP1R16A/PPP1R16B	-0.187509953805353	-0.113597737649861	0.967104227249784	0.0739122161554921	0.996224639797717	FALSE	None
ARHGAP31/ARHGAP33	-0.129702954614317	-0.0562556073471941	0.736023489685306	0.0734473472671229	0.907808858245634	FALSE	None
TWF1/TWF2	-0.331532057323393	-0.258164956444984	0.506231587263128	0.0733671008784086	0.804524527435289	FALSE	None
EXOC6/EXOC6B	-0.219206575020784	-0.146266075583399	0.705414168897006	0.072940499437385	0.896767162176691	FALSE	None
HOXA7/HOXB7	-0.173687561854296	-0.102658919948979	0.99185195319931	0.0710286419053171	0.996450957619091	FALSE	None
KIAA1217/SRCIN1	0.381486225646513	0.452461748288148	0.695217796241618	0.0709755226416347	0.893066339045557	FALSE	None
ACTR1A/ACTR1B	-2.38536578252255	-2.3145941084191	0.917882763430253	0.0707716741034505	0.970119993869373	FALSE	None
KIFC2/KIFC3	0.290896437585603	0.361582324873821	0.75148727461787	0.0706858872882179	0.91817054229627	FALSE	None
NUCB1/NUCB2	0.0392482268379336	0.109627806556686	0.99185195319931	0.0703795797187528	0.996450957619091	FALSE	None
PTPRG/PTPRZ1	-0.318523480782115	-0.248493762897605	0.519439475094657	0.0700297178845102	0.805813028189802	FALSE	None
ANXA5/ANXA6	0.167019947409237	0.227410901847255	0.660377400428063	0.0603909544380179	0.872449817638701	FALSE	None
ELOVL1/ELOVL7	0.0265074559196389	0.0844669382917763	0.780673939462743	0.0579594823721374	0.930087795148449	FALSE	None
GRPEL1/GRPEL2	-2.02263146410301	-1.96485257866799	0.98354415089599	0.0577788854350174	0.996450957619091	FALSE	None
SEC24C/SEC24D	-0.975524805044239	-0.91796119256425	0.705414168897006	0.0575636124799884	0.896767162176691	FALSE	None
RBL1/RBL2	0.122139127396316	0.179081829469757	0.480345250423796	0.0569427020734414	0.788445486806736	FALSE	None
TTC7A/TTC7B	-1.2863688416242	-1.22996103762555	0.772823996746869	0.0564078039986573	0.930087795148449	FALSE	None
CTPS1/CTPS2	-2.3037288260861	-2.24837974183384	0.975559196195001	0.0553490842522586	0.996450957619091	FALSE	None
SNX12/SNX3	-0.596447277723144	-0.544241978147639	0.95927643725843	0.0522052995755049	0.991303154559586	FALSE	None
MAB21L1/MAB21L2	0.344687796768552	0.396867862052378	0.99185195319931	0.052180065283826	0.996450957619091	FALSE	None
BAG3/BAG4	0.130706255750568	0.179108094917048	0.741457846984504	0.0484018391664801	0.912779546477136	FALSE	None
EPS15/EPS15L1	-0.0649590973462404	-0.0181688569495324	0.664997004650641	0.046790240396708	0.874996058750844	FALSE	None
MVB12A/MVB12B	0.130668866703825	0.176843524349712	0.44288187989369	0.0461746576458867	0.755572760973486	FALSE	None
STX1A/STX1B	-0.310905458767839	-0.266504656581985	0.642598927928015	0.0444008021858541	0.872449817638701	FALSE	None
TMEM59/TMEM59L	0.108243536790068	0.151160672708415	0.917882763430253	0.042917135918347	0.970119993869373	FALSE	None
B4GALT5/B4GALT6	0.199120990653492	0.237264407270787	0.467672657759921	0.0381434166172954	0.777460940010099	FALSE	None
ULK1/ULK2	0.217125391599408	0.254898524915971	0.630998003515649	0.0377731333165629	0.865292620854793	FALSE	None
OSBPL5/OSBPL8	-0.0748572485675444	-0.0373649173737175	0.710515520801532	0.0374923311938269	0.896767162176691	FALSE	None
CSNK1D/CSNK1E	-1.84414727187374	-1.80827714870109	0.788639811824083	0.035870123172643	0.930350559295237	FALSE	None
TRAK1/TRAK2	0.368816539332874	0.403445369934565	0.836633031283295	0.0346288306016905	0.950719353731017	FALSE	None
NAA15/NAA16	-2.10315068869279	-2.06887498260016	0.934264347261701	0.0342757060926324	0.979470686645332	FALSE	None
AP2A1/AP2A2	-1.58930948121111	-1.55505590152487	0.901525331514206	0.0342535796862402	0.970119993869373	FALSE	None
TBC1D10A/TBC1D10B	-0.742178641356852	-0.709567924252108	0.885230821336044	0.0326107171047448	0.968909636795573	FALSE	None
TOMM40/TOMM40L	-1.60921603690371	-1.57892958519684	0.983548616984565	0.0302864517068731	0.996450957619091	FALSE	None
BTBD10/KCTD20	0.367517230395254	0.397504611288767	0.975559196195001	0.0299873808935123	0.996450957619091	FALSE	None
ATP6V0A2/TCIRG1	-0.324076366345218	-0.295173527239893	0.894378126272837	0.0289028391053249	0.968909636795573	FALSE	None
QSOX1/QSOX2	-0.354027267094733	-0.325708546982585	0.983548616984565	0.0283187201121475	0.996450957619091	FALSE	None
SYDE1/SYDE2	0.223250001890657	0.247796126522188	0.894378126272837	0.0245461246315307	0.968909636795573	FALSE	None
SRRM1/SRRM2	-1.90515719789607	-1.88203387585819	0.917882763430253	0.0231233220378781	0.970119993869373	FALSE	None
PGM2/PGM2L1	-0.0829067921777896	-0.0598486314882673	0.782704652224925	0.0230581606895222	0.930087795148449	FALSE	None
SLC9A3R1/SLC9A3R2	-0.117568415041163	-0.0955559476597562	0.830166612296523	0.0220124673814067	0.946681224548666	FALSE	None
NEDD4/NEDD4L	0.216182783013911	0.237213274445457	0.616516480356682	0.0210304914315457	0.852629174961369	FALSE	None
ATP6V0A1/ATP6V0A4	-0.0686877060879249	-0.051143363278594	0.736023489685306	0.0175443428093309	0.907808858245634	FALSE	None
PPP6R2/PPP6R3	-0.729329694303165	-0.712446805665966	0.846132512586467	0.0168828886371994	0.953182206553212	FALSE	None
DST/MACF1	0.133821822270006	0.150167057626257	0.616516480356682	0.0163452353562514	0.852629174961369	FALSE	None
AP1B1/AP2B1	-1.59544793514197	-1.58030857695351	0.975559196195001	0.0151393581884569	0.996450957619091	FALSE	None
SNAP23/SNAP25	-1.01012407257163	-0.997792457416351	0.99185195319931	0.0123316151552793	0.996450957619091	FALSE	None
ORMDL1/ORMDL3	0.419007324134745	0.429683088418028	0.95927643725843	0.0106757642832832	0.991303154559586	FALSE	None
MIEF1/MIEF2	-0.508308197910635	-0.497826653426105	0.814269220991486	0.0104815444845308	0.93511482976054	FALSE	None
DOPEY1/DOPEY2	0.319981300536829	0.32841295538418	0.798446530473077	0.00843165484735087	0.93511482976054	FALSE	None
MAP2K3/MAP2K6	-0.438549676892596	-0.43012633943902	0.506231587263128	0.00842333745357632	0.804524527435289	FALSE	None
DHX32/DQX1	0.0559846246572841	0.0558953217695907	0.846132512586467	-8.93028876933905e-05	0.953182206553212	FALSE	None
PITPNA/PITPNB	-1.88972204636978	-1.8913585801962	0.780720349488711	-0.00163653382641948	0.930087795148449	FALSE	None
RAB39A/RAB39B	0.404685562234458	0.402960711375157	0.99185195319931	-0.00172485085930046	0.996450957619091	FALSE	None
FAM161A/FAM161B	0.151384101151841	0.149265864941826	0.862160641566881	-0.00211823621001522	0.954692362893479	FALSE	None
KLF13/KLF9	-0.171947966882889	-0.177364894982578	0.767049595269156	-0.00541692809968933	0.928458541759686	FALSE	None
UCHL1/UCHL3	-0.175403357684999	-0.182140699162404	0.53281963161271	-0.00673734147740473	0.81682254846288	FALSE	None
DDR1/DDR2	0.194611509309174	0.187628875240853	0.862160641566881	-0.0069826340683207	0.954692362893479	FALSE	None
KLHL11/KLHL23	-0.0761054858551175	-0.0894180004383544	0.95927643725843	-0.013312514583237	0.991303154559586	FALSE	None
GFOD1/GFOD2	-0.0378370150913186	-0.0520398997006156	0.917882763430253	-0.0142028846092969	0.970119993869373	FALSE	None
AP1G1/AP1G2	-1.03046650212463	-1.04885711110051	0.862160641566881	-0.018390608975881	0.954692362893479	FALSE	None
KIF5B/KIF5C	0.090517776397366	0.0720864275440288	0.587992653723386	-0.0184313488533372	0.84739355749755	FALSE	None
FNDC3A/FNDC3B	-0.0497672985391173	-0.0707995624891523	0.577701170364465	-0.021032263950035	0.84739355749755	FALSE	None
ERC1/ERC2	0.41693798471101	0.39503878979645	0.926767514801739	-0.0218991949145593	0.973180750599565	FALSE	None
SOS1/SOS2	-0.727648453964843	-0.750604672305197	0.8527726418474	-0.0229562183403541	0.954692362893479	FALSE	None
ATG16L1/ATG16L2	0.451965817450964	0.428917641646421	0.926767514801739	-0.0230481758045423	0.973180750599565	FALSE	None
ATF3/JDP2	0.0416698551173634	0.0176667918598618	0.917882763430253	-0.0240030632575015	0.970119993869373	FALSE	None
CDC34/UBE2R2	0.193134782148311	0.168157524593684	0.467672657759921	-0.0249772575546264	0.777460940010099	FALSE	None
SGMS1/SGMS2	-0.241509224281531	-0.267111107869256	0.767049595269156	-0.0256018835877252	0.928458541759686	FALSE	None
MET/MST1R	0.201501447634616	0.174725618600061	0.560083049554513	-0.0267758290345558	0.838834060392704	FALSE	None
CTBP1/CTBP2	-0.0586925468721105	-0.0889644561388119	0.664962848327298	-0.0302719092667014	0.874996058750844	FALSE	None
TMX1/TMX4	0.027736980074732	-0.00269441186784468	0.878244652881427	-0.0304313919425767	0.967557668428691	FALSE	None
NUMB/NUMBL	0.163418644554629	0.132105501956416	0.780720349488711	-0.0313131425982132	0.930087795148449	FALSE	None
PREX1/PREX2	-0.117558464983893	-0.149073456949085	0.910554590341991	-0.0315149919651916	0.970119993869373	FALSE	None
ALMS1/C10orf90	0.00144658580901303	-0.0345354864935268	0.830166612296523	-0.0359820723025399	0.946681224548666	FALSE	None
CCNJ/CCNJL	0.617958817855074	0.58037826332633	0.798446530473077	-0.0375805545287434	0.93511482976054	FALSE	None
UNC119/UNC119B	-0.387920647359423	-0.425953436205162	0.687542444543511	-0.0380327888457385	0.893066339045557	FALSE	None
MSX1/MSX2	0.260478443779596	0.222382878072604	0.720663932954535	-0.0380955657069921	0.904308023977699	FALSE	None
TAF4/TAF4B	-1.16405108958996	-1.20283953417005	0.910554590341991	-0.0387884445800892	0.970119993869373	FALSE	None
SENP3/SENP5	-0.0163014231660821	-0.0558984413981899	0.37309905534244	-0.0395970182321079	0.713277605801724	FALSE	None
TNPO1/TNPO2	-2.60181372940309	-2.64183116018293	0.782704652224925	-0.0400174307798404	0.930087795148449	FALSE	None
TBC1D9/TBC1D9B	0.421635229983179	0.381560449750788	0.616516480356682	-0.0400747802323915	0.852629174961369	FALSE	None
SMARCA2/SMARCA4	-0.448557302752553	-0.490227434351619	0.645619885743913	-0.0416701315990659	0.872449817638701	FALSE	None
USP35/USP38	-0.307681014691357	-0.350704227025305	0.736023489685306	-0.0430232123339486	0.907808858245634	FALSE	None
SEC11A/SEC11C	-1.27419683280556	-1.31728830888162	0.878244652881427	-0.0430914760760568	0.967557668428691	FALSE	None
ITCH/WWP2	0.311601052560806	0.2683437479565	0.846132512586467	-0.0432573046043054	0.953182206553212	FALSE	None
MCTP1/MCTP2	-0.0661564555016012	-0.110204706146005	0.862160641566881	-0.0440482506444033	0.954692362893479	FALSE	None
HNRNPL/HNRNPLL	-2.07244035956696	-2.11709735613385	0.812539067615869	-0.0446569965668906	0.93511482976054	FALSE	None
EME1/EME2	-0.458821547347251	-0.504641064294537	0.910554590341991	-0.0458195169472866	0.970119993869373	FALSE	None
LPP/TRIP6	0.0225913148953126	-0.0265591191007606	0.860862329249049	-0.0491504339960732	0.954692362893479	FALSE	None
RAD9A/RAD9B	-1.95651274964326	-2.00684143394301	0.983548616984565	-0.0503286842997506	0.996450957619091	FALSE	None
SIX4/SIX5	0.0786075769291886	0.0267682769619469	0.788651012571809	-0.0518392999672417	0.930350559295237	FALSE	None
CEP85/CEP85L	-1.63747790542833	-1.6902816184914	0.814269220991486	-0.0528037130630628	0.93511482976054	FALSE	None
EIF1/EIF1B	-2.08399946641904	-2.13795860878949	0.885125505639737	-0.0539591423704522	0.968909636795573	FALSE	None
PEX5/PEX5L	0.24680333164111	0.192243735559071	0.340867860214887	-0.0545595960820393	0.688087295464834	FALSE	None
HEXA/HEXB	-0.420637275851513	-0.475683970504395	0.943010333587574	-0.0550466946528823	0.982302430820389	FALSE	None
MME/MMEL1	0.279957959177489	0.224270843502336	0.587992653723386	-0.0556871156751526	0.84739355749755	FALSE	None
ARAP2/ARAP3	0.0366489261376667	-0.0204967932306257	0.351411521948121	-0.0571457193682924	0.694278082876227	FALSE	None
KMT2A/KMT2B	-1.36498273066304	-1.42231495293025	0.804565751512813	-0.0573322222672081	0.93511482976054	FALSE	None
FBXO25/FBXO32	0.348552499273245	0.289870160747907	0.263771716716047	-0.0586823385253379	0.618958902041265	FALSE	None
NPR1/NPR2	-0.234548548521718	-0.293371207774972	0.710515520801532	-0.0588226592532539	0.896767162176691	FALSE	None
USP31/USP43	0.0166305168352852	-0.0424575215860136	0.493199173554005	-0.0590880384212988	0.793513521807186	FALSE	None
PAK4/PAK6	-0.243791989952518	-0.304301802488386	0.749202291438566	-0.0605098125358679	0.91817054229627	FALSE	None
STAM/STAM2	0.194639602832853	0.133047145346335	0.720663932954535	-0.061592457486518	0.904308023977699	FALSE	None
UBA1/UBA7	-2.63546139528336	-2.69787309298191	0.81249910416068	-0.0624116976985438	0.93511482976054	FALSE	None
CSAD/GADL1	-0.0225356477382452	-0.086507190352938	0.975559196195001	-0.0639715426146928	0.996450957619091	FALSE	None
PTBP2/PTBP3	0.3988922800595	0.333512516455134	0.910554590341991	-0.065379763604366	0.970119993869373	FALSE	None
RASA2/RASA3	0.93114000842357	0.864435423192243	0.340867860214887	-0.0667045852313269	0.688087295464834	FALSE	None
SEC31A/SEC31B	-0.281183606012061	-0.347954668633367	1	-0.0667710626213058	1	FALSE	None
RABEP1/RABEP2	-0.119074562471735	-0.18598214219332	0.536175709430201	-0.066907579721585	0.818108476830119	FALSE	None
RAC1/RAC2	-1.02873419926193	-1.09585416324672	0.616516480356682	-0.0671199639847917	0.852629174961369	FALSE	None
NAV1/NAV3	0.0432913797030574	-0.0241601940609264	0.75148727461787	-0.0674515737639838	0.91817054229627	FALSE	None
MTMR3/MTMR4	-0.345494047585209	-0.413176615406864	0.616516480356682	-0.0676825678216555	0.852629174961369	FALSE	None
PPP3CA/PPP3CB	-0.178162218076501	-0.246216371573943	0.660377400428063	-0.0680541534974425	0.872449817638701	FALSE	None
MLLT10/MLLT6	0.49796895694179	0.428709831442758	0.926767514801739	-0.0692591254990325	0.973180750599565	FALSE	None
SS18/SS18L1	-0.414446045663449	-0.48515807127034	0.546368677913132	-0.0707120256068914	0.827831330171413	FALSE	None
EGR2/EGR3	0.540991414610398	0.470053288462865	1	-0.070938126147533	1	FALSE	None
HSF1/HSF4	-1.2817852050587	-1.35310056781709	0.910554590341991	-0.0713153627583971	0.970119993869373	FALSE	None
SMAD6/SMAD7	0.194555057374504	0.122605321015519	0.943010333587574	-0.0719497363589852	0.982302430820389	FALSE	None
EMC8/EMC9	0.0890265721353653	0.017001029314754	0.830166612296523	-0.0720255428206114	0.946681224548666	FALSE	None
PRKCE/PRKCH	-0.100006798067211	-0.173989313093847	0.736023489685306	-0.073982515026636	0.907808858245634	FALSE	None
PARVA/PARVB	-0.561934125098629	-0.636649939253035	0.736023489685306	-0.0747158141544059	0.907808858245634	FALSE	None
PSEN1/PSEN2	0.126888967862542	0.0517325443096074	0.602179893814338	-0.0751564235529349	0.852629174961369	FALSE	None
GNPDA1/GNPDA2	-0.275838185657041	-0.354434806135594	0.573959012946438	-0.0785966204785534	0.84739355749755	FALSE	None
ENO1/ENO2	-3.60981345726312	-3.68885022794583	0.695217796241618	-0.07903677068271	0.893066339045557	FALSE	None
ARF4/ARF5	-0.952207220399352	-1.03237500678529	0.804565751512813	-0.0801677863859412	0.93511482976054	FALSE	None
PLCD3/PLCD4	-0.0172769139566658	-0.101250852941271	0.812539067615869	-0.0839739389846048	0.93511482976054	FALSE	None
H2AFY/H2AFY2	0.0552412451648961	-0.0305847189718359	0.577701170364465	-0.085825964136732	0.84739355749755	FALSE	None
SMTN/SMTNL2	-0.0717217723829967	-0.157710961134445	0.457888852292946	-0.0859891887514488	0.769063963799521	FALSE	None
ARFGEF1/ARFGEF2	-1.25293248000702	-1.34071457808138	0.943010333587574	-0.0877820980743584	0.982302430820389	FALSE	None
HEATR5A/HEATR5B	-0.683074046283207	-0.773016385078092	0.602179893814338	-0.0899423387948852	0.852629174961369	FALSE	None
TRIM35/TRIM72	0.336041760214059	0.245508562359286	0.894378126272837	-0.0905331978547732	0.968909636795573	FALSE	None
NAB1/NAB2	0.200180916296707	0.109420107725455	0.573959012946438	-0.0907608085712521	0.84739355749755	FALSE	None
IFRD1/IFRD2	-0.764708578607327	-0.855683449152106	0.515980154619698	-0.0909748705447789	0.805813028189802	FALSE	None
SREK1/SRSF11	-1.55972096565027	-1.65172015968541	0.894378126272837	-0.0919991940351474	0.968909636795573	FALSE	None
AUH/ECHDC2	0.0699563595174232	-0.0223409826302165	0.489670271907235	-0.0922973421476397	0.793513521807186	FALSE	None
CCNG1/CCNG2	0.459999826590897	0.365912526040339	0.645619885743913	-0.0940873005505582	0.872449817638701	FALSE	None
MARCH2/MARCH3	0.0109770321958274	-0.0833367882937393	0.788651012571809	-0.0943138204895668	0.930350559295237	FALSE	None
LIMCH1/LMO7	0.0960221266881204	0.00167126591657759	0.493199173554005	-0.0943508607715428	0.793513521807186	FALSE	None
FAM126A/FAM126B	-0.137875139034832	-0.234270272782549	0.483248591219266	-0.0963951337477164	0.789225086162118	FALSE	None
UCK1/UCK2	-0.481083711954697	-0.57905093709418	0.560083049554513	-0.0979672251394828	0.838834060392704	FALSE	None
ENTPD5/ENTPD6	0.129160721337221	0.0303187288008107	0.645619885743913	-0.0988419925364101	0.872449817638701	FALSE	None
AJUBA/WTIP	-0.263059140549364	-0.3621341558221	0.591871807852135	-0.0990750152727365	0.84739355749755	FALSE	None
RNF43/ZNRF3	0.0160790443239865	-0.0830443352929045	0.430768442815985	-0.099123379616891	0.742704211751698	FALSE	None
NCOA1/NCOA3	-0.253157749027391	-0.354069453501034	0.23985388317542	-0.100911704473644	0.592794768304269	FALSE	None
USP2/USP21	-0.0324429043416783	-0.13335931434923	0.397871528651915	-0.100916410007551	0.73470594779473	FALSE	None
RBM26/RBM27	-1.00107682335073	-1.10269476888016	0.645619885743913	-0.101617945529432	0.872449817638701	FALSE	None
TCP11L1/TCP11L2	-0.0552605735165411	-0.16133335918631	0.587992653723386	-0.106072785669769	0.84739355749755	FALSE	None
TIMP3/TIMP4	0.473309239647355	0.366112973008634	0.506231587263128	-0.107196266638722	0.804524527435289	FALSE	None
NT5C2/NT5DC4	-0.216836704082515	-0.325600878637231	0.862160641566881	-0.108764174554716	0.954692362893479	FALSE	None
MEIS1/MEIS2	0.781861871596236	0.672667187402273	0.910554590341991	-0.109194684193962	0.970119993869373	FALSE	None
CCND1/CCND2	0.105597488074061	-0.00495611913294593	0.418845831769773	-0.110553607207007	0.742704211751698	FALSE	None
PLEKHH1/PLEKHH2	-0.0646154719405486	-0.175503619520983	0.519439475094657	-0.110888147580434	0.805813028189802	FALSE	None
TET1/TET2	0.11981819343726	0.00758001690644665	0.577701170364465	-0.112238176530814	0.84739355749755	FALSE	None
HSPA12A/HSPA12B	-0.302503579830303	-0.4165128680077	1	-0.114009288177397	1	FALSE	None
RALGPS1/RALGPS2	-0.0478323189458812	-0.165136015225199	0.430768442815985	-0.117303696279318	0.742704211751698	FALSE	None
CRABP1/CRABP2	-0.426153694807412	-0.545618965856989	0.772823996746869	-0.119465271049576	0.930087795148449	FALSE	None
FBN1/FBN2	0.229032900440316	0.10811477950522	0.281836840523597	-0.120918120935095	0.64231617630095	FALSE	None
WASF1/WASF2	0.123696601011862	0.00226890746296185	0.573959012946438	-0.1214276935489	0.84739355749755	FALSE	None
RAB1A/RAB1B	-1.69827046802555	-1.82048249825472	0.736023489685306	-0.122212030229166	0.907808858245634	FALSE	None
RBM23/RBM39	-2.84131732597989	-2.96402766172328	0.893374885262602	-0.122710335743389	0.968909636795573	FALSE	None
TBC1D15/TBC1D17	0.0052810632342099	-0.118138941671885	0.256747711378733	-0.123420004906095	0.611304074711269	FALSE	None
OSBP/OSBP2	-1.94585533276793	-2.0715308878215	0.917882763430253	-0.125675555053574	0.970119993869373	FALSE	None
EP400/SRCAP	-0.669278519139875	-0.795807895663167	0.878244652881427	-0.126529376523292	0.967557668428691	FALSE	None
ZNF608/ZNF609	-0.821348990752244	-0.948446086436683	0.660377400428063	-0.127097095684439	0.872449817638701	FALSE	None
PAPD5/PAPD7	0.521746897926091	0.394470018798629	0.862160641566881	-0.127276879127462	0.954692362893479	FALSE	None
MDM2/TP53	0.327982980372278	0.200098627736133	0.222093193036212	-0.127884352636145	0.570595159974459	FALSE	None
HSP90AA1/HSP90AB1	-1.35733353646958	-1.4859473887706	0.910554590341991	-0.128613852301022	0.970119993869373	FALSE	None
DOCK3/DOCK4	0.12671985517864	-0.00224207222623424	0.278755251687455	-0.128961927404874	0.640250578080726	FALSE	None
MAGT1/TUSC3	-0.0342764378809741	-0.164684362704696	0.798446530473077	-0.130407924823722	0.93511482976054	FALSE	None
TMC5/TMC6	-0.208558508157042	-0.339234828267158	0.862160641566881	-0.130676320110116	0.954692362893479	FALSE	None
TOP1/TOP1MT	-2.31305461607412	-2.44448305037507	0.893374885262602	-0.131428434300955	0.968909636795573	FALSE	None
SPTLC2/SPTLC3	-0.229131068292322	-0.360998959858726	0.680043154742435	-0.131867891566403	0.887606527274263	FALSE	None
RARA/RARG	-0.0578945280840601	-0.18997639504368	0.780720349488711	-0.13208186695962	0.930087795148449	FALSE	None
ATG4C/ATG4D	0.0124329948253335	-0.119992895213431	0.901535968059336	-0.132425890038764	0.970119993869373	FALSE	None
DIP2A/DIP2C	0.318424394859816	0.185252980600597	0.145989747754937	-0.133171414259219	0.462200518913221	FALSE	None
PACS1/PACS2	-0.166307661826994	-0.299869209951431	0.736023489685306	-0.133561548124436	0.907808858245634	FALSE	None
KLHL26/KLHL9	0.310356407070823	0.173411226770159	0.650084599739936	-0.136945180300664	0.872449817638701	FALSE	None
MACROD1/MACROD2	-0.0365390957865035	-0.173623667285729	0.418845831769773	-0.137084571499225	0.742704211751698	FALSE	None
PGRMC1/PGRMC2	-0.324114602345298	-0.462752744970915	0.606199965555212	-0.138638142625617	0.852629174961369	FALSE	None
SLC25A28/SLC25A37	-2.26648848190933	-2.4052893506301	0.710515520801532	-0.138800868720763	0.896767162176691	FALSE	None
ARHGAP22/ARHGAP24	-0.0765155268807543	-0.220477482248896	0.263771716716047	-0.143961955368141	0.618958902041265	FALSE	None
CRELD1/CRELD2	0.22555066499077	0.0809047200187329	0.272703911388575	-0.144645944972037	0.628572845399199	FALSE	None
DCHS1/DCHS2	0.0785686858005903	-0.0665626064106846	0.433293603964274	-0.145131292211275	0.74508159411846	FALSE	None
CLIP1/CLIP2	-0.17614491644776	-0.32237790587328	0.846132512586467	-0.14623298942552	0.953182206553212	FALSE	None
CHMP4A/CHMP4C	-0.214318248840341	-0.360773361686954	0.885230821336044	-0.146455112846612	0.968909636795573	FALSE	None
USP12/USP46	-0.840634002800795	-0.991285389033611	0.616516480356682	-0.150651386232816	0.852629174961369	FALSE	None
PI4K2A/PI4K2B	0.168365921398677	0.0158853433579374	0.519439475094657	-0.152480578040739	0.805813028189802	FALSE	None
TSPAN13/TSPAN31	-0.0671906146803662	-0.219770494056929	0.675265661581359	-0.152579879376563	0.884924758120733	FALSE	None
SYCP2/SYCP2L	0.450128208850534	0.296933669972527	0.380834892623241	-0.153194538878007	0.723932538151057	FALSE	None
RHOU/RHOV	0.158988153441501	0.00515851079439584	0.493199173554005	-0.153829642647105	0.793513521807186	FALSE	None
PDP1/PDP2	-0.267727920719965	-0.421729816574917	0.814269220991486	-0.154001895854952	0.93511482976054	FALSE	None
RBM12/RBM12B	-1.60901075968103	-1.76445699807955	0.549849174280813	-0.155446238398524	0.831167356470997	FALSE	None
KIF16B/STARD9	-0.0178835815927805	-0.173817450047487	0.830166612296523	-0.155933868454706	0.946681224548666	FALSE	None
FSCN1/FSCN2	-0.172069044170672	-0.328929052847999	0.403638180631546	-0.156860008677327	0.741143552007076	FALSE	None
MLXIP/MLXIPL	-0.129954129147563	-0.288034372370068	0.660377400428063	-0.158080243222505	0.872449817638701	FALSE	None
MIER1/MIER3	0.137213601113115	-0.0214696703554869	0.222093193036212	-0.158683271468602	0.570595159974459	FALSE	None
SAR1A/SAR1B	-2.22842594288942	-2.38786490754255	0.702851617046547	-0.159438964653137	0.896767162176691	FALSE	None
MAN2A1/MAN2A2	0.142354986205204	-0.0173124389857541	0.587992653723386	-0.159667425190958	0.84739355749755	FALSE	None
RPS6KC1/SNX15	-0.38378748877442	-0.544573598834096	0.327208248516218	-0.160786110059676	0.679805940997886	FALSE	None
EN1/EN2	0.417611982817368	0.256289206579002	0.695217796241618	-0.161322776238366	0.893066339045557	FALSE	None
AHNAK/AHNAK2	-0.0725118009629416	-0.234352355713376	0.657445420131793	-0.161840554750434	0.872449817638701	FALSE	None
CHD3/CHD5	0.309582761634475	0.146065220073752	0.675265661581359	-0.163517541560723	0.884924758120733	FALSE	None
HERC3/HERC4	0.0755974503635371	-0.0881336459382652	0.291171026407298	-0.163731096301802	0.649931148085684	FALSE	None
APC/CTNNB1	0.293180541708121	0.123568982631981	0.44288187989369	-0.16961155907614	0.755572760973486	FALSE	None
ABHD12/ABHD12B	-0.00555525590035413	-0.175369256235181	0.395580535892945	-0.169814000334827	0.734649566658326	FALSE	None
GALNT10/GALNTL6	0.06069117789722	-0.11296187341338	0.690279643084975	-0.1736530513106	0.893066339045557	FALSE	None
VPS37B/VPS37C	0.240250614462724	0.0664808250805968	0.613412114647145	-0.173769789382128	0.852629174961369	FALSE	None
ZDHHC14/ZDHHC18	0.555457889448351	0.381252910428165	0.630998003515649	-0.174204979020187	0.865292620854793	FALSE	None
FARP1/FARP2	0.508341316457027	0.333696557794066	0.330525181861556	-0.17464475866296	0.682036089555591	FALSE	None
AK1/AK5	-0.0720183580055551	-0.250190369357164	0.736023489685306	-0.178172011351609	0.907808858245634	FALSE	None
SERINC2/SERINC3	0.0329482970381264	-0.145324327239291	0.844690525966694	-0.178272624277417	0.953182206553212	FALSE	None
NOVA1/NOVA2	0.314047497889867	0.135078546599596	0.300706829728931	-0.178968951290271	0.65331661340407	FALSE	None
KHDRBS1/KHDRBS3	0.513672182655516	0.33373604156973	0.0302666613325909	-0.179936141085786	0.192875783001805	FALSE	None
CCNE1/CCNE2	-0.294095196342858	-0.47493886736978	0.159171691223494	-0.180843671026922	0.485735207959019	FALSE	None
FAM160B1/FAM160B2	0.293635115610844	0.106413753055254	0.105955088624419	-0.187221362555589	0.39809715379117	FALSE	None
HOXA2/HOXB2	0.110219749780472	-0.0773739136997542	0.216008118627792	-0.187593663480226	0.566150310919616	FALSE	None
TTC39A/TTC39B	0.00857524580824199	-0.180557299239843	0.173534548515207	-0.189132545048085	0.515056879154723	FALSE	None
NDFIP1/NDFIP2	0.520519493336077	0.331028783776371	0.246506703044604	-0.189490709559707	0.59564816720815	FALSE	None
CNKSR1/CNKSR3	0.194782896364292	0.00528784492658382	0.587992653723386	-0.189495051437708	0.84739355749755	FALSE	None
SLC41A2/SLC41A3	-0.041764231099896	-0.231388117487585	0.214346278801561	-0.189623886387689	0.566150310919616	FALSE	None
ATRN/ATRNL1	-0.146466158452216	-0.336990316299352	0.222093193036212	-0.190524157847136	0.570595159974459	FALSE	None
NEK6/NEK7	-0.0968001827592519	-0.287561823197122	0.256747711378733	-0.19076164043787	0.611304074711269	FALSE	None
DENND6A/DENND6B	-0.00646956506249409	-0.198400857301845	0.353454493479359	-0.191931292239351	0.696198244732071	FALSE	None
TANC1/TANC2	-0.0879793631696264	-0.281875632746925	0.407115953422494	-0.193896269577299	0.742704211751698	FALSE	None
AHSA1/AHSA2	0.239193275563311	0.0452786465245033	0.480345250423796	-0.193914629038808	0.788445486806736	FALSE	None
TOX/TOX2	-0.14632753226074	-0.341600095191921	0.430768442815985	-0.195272562931182	0.742704211751698	FALSE	None
DYRK2/DYRK3	0.518092858860881	0.318150265662996	0.120214723009748	-0.199942593197885	0.42699218555375	FALSE	None
CCNB1/CCNB2	-0.947154147749315	-1.14761618254996	0.725930771141294	-0.200462034800646	0.907808858245634	FALSE	None
PLCB1/PLCB3	-0.218049587785817	-0.421020772881273	0.757090911287619	-0.202971185095456	0.91983007913449	FALSE	None
EPC1/EPC2	-0.359811611861969	-0.562870379734567	0.560083049554513	-0.203058767872599	0.838834060392704	FALSE	None
PLK2/PLK3	-0.396039710515832	-0.599331517267715	0.418845831769773	-0.203291806751883	0.742704211751698	FALSE	None
CDKL2/CDKL3	-0.221337318265564	-0.424827881258773	0.171858769786247	-0.203490562993209	0.512422937436056	FALSE	None
PTCH1/PTCH2	-0.483209872579627	-0.68863772235412	0.519439475094657	-0.205427849774493	0.805813028189802	FALSE	None
TMUB1/TMUB2	0.260578858441811	0.05334149355621	0.53281963161271	-0.207237364885601	0.81682254846288	FALSE	None
FLNB/FLNC	0.0893743674828069	-0.118043780969307	0.457888852292946	-0.207418148452114	0.769063963799521	FALSE	None
SPATA6/SPATA6L	0.459685036827348	0.24931728428364	0.110554262046589	-0.210367752543708	0.403709383877995	FALSE	None
ENOX1/ENOX2	0.387710682856941	0.176826673451908	0.0532971859384616	-0.210884009405033	0.256616080444445	FALSE	None
KSR1/KSR2	0.170983849339601	-0.0409867699635624	0.272703911388575	-0.211970619303164	0.628572845399199	FALSE	None
FGF1/FGF2	0.406596958923853	0.19373126852171	0.421288251491442	-0.212865690402143	0.742704211751698	FALSE	None
FAM102A/FAM102B	-0.209954656902047	-0.423802442650156	0.493199173554005	-0.213847785748109	0.793513521807186	FALSE	None
ZFYVE16/ZFYVE9	-0.040662731779506	-0.254710106900971	0.418845831769773	-0.214047375121465	0.742704211751698	FALSE	None
PPP2R5C/PPP2R5D	0.230433004335191	0.0149903219455983	0.0646130897960012	-0.215442682389592	0.287661016215074	FALSE	None
FAM160A1/FAM160A2	0.523456897492348	0.304538839041046	0.430768442815985	-0.218918058451302	0.742704211751698	FALSE	None
TOB1/TOB2	-0.293831271027525	-0.512890530684501	0.650084599739936	-0.219059259656976	0.872449817638701	FALSE	None
ARPC5/ARPC5L	-1.96958162444935	-2.18866292265314	0.570665793415711	-0.219081298203798	0.84739355749755	FALSE	None
PLOD1/PLOD2	0.316066308925482	0.0924628628079099	0.134891709288412	-0.223603446117572	0.454405498070737	FALSE	None
KIF1B/KIF1C	-0.0563271153439561	-0.279985230930508	0.467672657759921	-0.223658115586552	0.777460940010099	FALSE	None
PLEKHB1/PLEKHB2	-0.150940239178979	-0.376459621021185	0.591871807852135	-0.225519381842206	0.84739355749755	FALSE	None
ST8SIA2/ST8SIA4	0.356738069118057	0.130337448855534	0.171858769786247	-0.226400620262523	0.512422937436056	FALSE	None
DNAH11/DNAH17	0.0573925067796291	-0.173772043368852	0.206792440630272	-0.231164550148481	0.557738947757995	FALSE	None
RC3H1/RC3H2	-0.0371314858298453	-0.270741883098363	0.141463386183846	-0.233610397268518	0.45847211989641	FALSE	None
APBB2/APBB3	-0.0980153921706859	-0.333046492118395	0.362155524599257	-0.235031099947709	0.702689823849304	FALSE	None
BTBD3/BTBD6	0.259325842479417	0.02422055480065	0.650084599739936	-0.235105287678767	0.872449817638701	FALSE	None
DVL1/DVL3	0.284456764938915	0.0488730531492794	0.680043154742435	-0.235583711789636	0.887606527274263	FALSE	None
MDM4/TP53	0.229166576545625	-0.00654265792791609	0.0616165090024757	-0.235709234473541	0.282047400363445	FALSE	None
CCNT1/CCNT2	-0.818017241785239	-1.05415626648801	0.606199965555212	-0.236139024702773	0.852629174961369	FALSE	None
SULF1/SULF2	-0.351116184303698	-0.589557277128493	0.351411521948121	-0.238441092824795	0.694278082876227	FALSE	None
NKTR/PPIG	-0.00858707262712457	-0.247069506069216	0.120214723009748	-0.238482433442091	0.42699218555375	FALSE	None
KCND2/KCND3	0.0299125156619225	-0.209288378306809	0.272703911388575	-0.239200893968731	0.628572845399199	FALSE	None
CD151/TSPAN11	0.0790432130595126	-0.160302281468063	0.212168632533632	-0.239345494527576	0.566150310919616	FALSE	None
CHPF/CHPF2	0.55065489908042	0.310617812370004	0.300706829728931	-0.240037086710416	0.65331661340407	FALSE	None
MAPK1/MAPK3	-0.760713185172489	-1.00151051667363	0.620681236033931	-0.240797331501137	0.856566461617952	FALSE	None
FUCA1/FUCA2	0.365597036800447	0.124370238244676	0.206792440630272	-0.241226798555771	0.557738947757995	FALSE	None
TBC1D1/TBC1D4	0.367074929423362	0.124231454980949	0.153095027379765	-0.242843474442413	0.476132860271996	FALSE	None
SLC35D1/SLC35D2	0.0514712136501253	-0.193152352814169	0.206792440630272	-0.244623566464294	0.557738947757995	FALSE	None
NBEAL1/NBEAL2	0.261941741327024	0.0145693086077717	0.076172676334695	-0.247372432719252	0.317386151394563	FALSE	None
ESYT2/ESYT3	0.345878831746881	0.0949751210748915	0.206792440630272	-0.25090371067199	0.557738947757995	FALSE	None
SPARC/SPARCL1	0.227993963990856	-0.0232341859393227	0.230034676422471	-0.251228149930178	0.575086691056178	FALSE	None
LYPLA1/LYPLA2	0.0903376110770639	-0.16110833658311	0.480345250423796	-0.251445947660174	0.788445486806736	FALSE	None
ROR1/ROR2	-0.0875904284962052	-0.339049917409238	0.362155524599257	-0.251459488913032	0.702689823849304	FALSE	None
COQ10A/COQ10B	-1.41859538392426	-1.6710473163915	0.718201486368467	-0.252451932467236	0.904308023977699	FALSE	None
RPS6KA4/RPS6KA5	-0.23154725778477	-0.48801844756246	0.134891709288412	-0.256471189777691	0.454405498070737	FALSE	None
SGSM1/SGSM2	-0.134274756253517	-0.392380665890257	0.0890301957343457	-0.25810590963674	0.348612212212799	FALSE	None
CNOT7/CNOT8	-1.37072933008512	-1.62999840769756	0.75148727461787	-0.259269077612438	0.91817054229627	FALSE	None
UBALD1/UBALD2	-0.498764971895774	-0.761269393476579	0.457888852292946	-0.262504421580804	0.769063963799521	FALSE	None
CLOCK/NPAS2	-0.244123257834061	-0.509989751750709	0.230034676422471	-0.265866493916648	0.575086691056178	FALSE	None
SMURF1/SMURF2	0.618616386008489	0.348697498101854	0.395580535892945	-0.269918887906635	0.734649566658326	FALSE	None
PWWP2A/PWWP2B	0.479663209471559	0.208140180092883	0.192257400605712	-0.271523029378676	0.543336132146578	FALSE	None
BCOR/BCORL1	0.804165894753468	0.531283313361408	0.0256922062622656	-0.27288258139206	0.175788779689185	FALSE	None
CERS5/CERS6	0.308064821646219	0.0342530918067271	0.418845831769773	-0.273811729839492	0.742704211751698	FALSE	None
UBR1/UBR2	-0.569102580635518	-0.843143607216244	0.506231587263128	-0.274041026580726	0.804524527435289	FALSE	None
ATG4A/ATG4B	0.681828375321784	0.407384565095426	0.0345469581484064	-0.274443810226358	0.213706412853456	FALSE	None
UAP1/UAP1L1	-0.649562187168988	-0.926896335877938	0.362155524599257	-0.277334148708951	0.702689823849304	FALSE	None
BRAF/PEA15	0.0955560694364505	-0.18229117394177	0.00722385154435779	-0.277847243378221	0.074531801648136	FALSE	None
ACBD3/TMED8	0.27454724178582	-0.00396428267229341	0.0501221391155248	-0.278511524458114	0.247965439395166	FALSE	None
BACH1/BACH2	0.0968879978799116	-0.181968198904829	0.263771716716047	-0.278856196784741	0.618958902041265	FALSE	None
MGRN1/RNF157	-0.271692948127931	-0.553303854781988	0.28347659009496	-0.281610906654057	0.64231617630095	FALSE	None
GPATCH2/GPATCH2L	0.195763138308442	-0.0871748557341217	0.130510373356381	-0.282937994042563	0.446482856219199	FALSE	None
DMRTA1/DMRTA2	0.135185351049058	-0.150784587698117	0.0538498827053979	-0.285969938747174	0.257370762930211	FALSE	None
STOX1/STOX2	0.221656087204384	-0.0644543474590983	0.235717588722945	-0.286110434663482	0.587036140497756	FALSE	None
FAM117A/FAM117B	0.297825586862376	0.0101952458820957	0.206792440630272	-0.28763034098028	0.557738947757995	FALSE	None
NR2C1/NR2C2	0.0837786951562966	-0.204948115632339	0.0851519450404021	-0.288726810788636	0.343781144573052	FALSE	None
CASP3/CASP7	0.762787455796831	0.472819718853522	0.0374157037255554	-0.28996773694331	0.215223074527531	FALSE	None
ARHGEF37/DNMBP	0.112998964998934	-0.180561782452001	0.340867860214887	-0.293560747450936	0.688087295464834	FALSE	None
DAB1/DAB2	0.340125686793165	0.0453704144052886	0.185272618270148	-0.294755272387877	0.530516307822009	FALSE	None
DHX58/IFIH1	-0.11878283007905	-0.415770516256935	0.427153430396047	-0.296987686177885	0.742704211751698	FALSE	None
BRMS1/BRMS1L	-0.712742113619875	-1.0114595775883	0.384241116403253	-0.298717463968426	0.723932538151057	FALSE	None
RAB33A/RAB33B	0.278221494569903	-0.0209465047078752	0.154795697500174	-0.299167999277778	0.47912953988149	FALSE	None
PPP1R3B/PPP1R3C	0.271910495867718	-0.0287817625870356	0.0336825577922627	-0.300692258454754	0.210515986201642	FALSE	None
PTGS1/PTGS2	0.276878182318505	-0.027734282320281	0.141463386183846	-0.304612464638786	0.45847211989641	FALSE	None
GPC1/GPC6	0.313012978779178	0.00794916485795816	0.243963601948538	-0.30506381392122	0.59564816720815	FALSE	None
LRBA/NBEA	0.020409352632318	-0.285488400654511	0.125281743741575	-0.305897753286829	0.437812545333461	FALSE	None
ATXN7/ATXN7L2	-0.43472275208464	-0.740696519485756	0.33247036986792	-0.305973767401116	0.683878925361227	FALSE	None
CAMKK1/CAMKK2	0.115313280775542	-0.192274569121419	0.418845831769773	-0.307587849896961	0.742704211751698	FALSE	None
UBTD1/UBTD2	0.30903559053281	0.000353489822737309	0.0972042381615088	-0.308682100710073	0.37166326355871	FALSE	None
FAM49A/FAM49B	0.544151146643943	0.233719826581826	0.00419749002679965	-0.310431320062116	0.0496067003167232	FALSE	None
SEC23A/SEC23B	-1.72492322051854	-2.03698347450069	0.522675546692296	-0.312060253982143	0.806981247862214	FALSE	None
TMEM184A/TMEM184B	0.0868429401653999	-0.227269042742547	0.322286463445943	-0.314111982907947	0.673589071510814	FALSE	None
WSB1/WSB2	-0.0899815749603713	-0.405811250301361	0.0436576356607178	-0.315829675340989	0.232602157208742	FALSE	None
UNK/UNKL	-0.276240820640587	-0.592382579132839	0.292968963675547	-0.316141758492252	0.649931148085684	FALSE	None
TMEM50A/TMEM50B	0.00828054660990986	-0.308432127707635	0.115306510260875	-0.316712674317544	0.414084152870546	FALSE	None
FER/FES	0.169543405963716	-0.147266430824692	0.165425495650633	-0.316809836788408	0.502460617630428	FALSE	None
SLK/STK10	0.305829827217264	-0.0125928076230194	0.171858769786247	-0.318422634840283	0.512422937436056	FALSE	None
ETS1/ETS2	0.329903542553842	0.0104478127093052	0.430768442815985	-0.319455729844536	0.742704211751698	FALSE	None
SERP1/SERP2	-0.316847605693142	-0.636348999946744	0.320383948878672	-0.319501394253602	0.671772796035926	FALSE	None
NFKBID/NFKBIZ	0.147800343226733	-0.172683232874439	0.782704652224925	-0.320483576101171	0.930087795148449	FALSE	None
TIAM1/TIAM2	0.244316628084008	-0.0869541512037763	0.0302666613325909	-0.331270779287784	0.192875783001805	FALSE	None
FMN1/FMN2	0.376305199580704	0.0436838868874592	0.0162561154210267	-0.332621312693245	0.13571371977024	FALSE	None
TXNRD1/TXNRD3	-2.43607285943357	-2.77169437023079	0.397871528651915	-0.335621510797217	0.73470594779473	FALSE	None
ATP6V1C1/ATP6V1C2	-1.88575529886235	-2.22469311998363	0.556739049978306	-0.338937821121273	0.838834060392704	FALSE	None
LHX2/LHX9	-0.10511904797423	-0.445516155347335	0.302535847130193	-0.340397107373105	0.65331661340407	FALSE	None
GNAL/GNAS	0.155813118941323	-0.185888679258552	0.00935686782804674	-0.341701798199875	0.0907755834064236	FALSE	None
MYB/MYBL1	0.161721933814525	-0.185313163470365	0.0205148696492044	-0.34703509728489	0.158746015142653	FALSE	None
PRPSAP1/PRPSAP2	0.10459598583847	-0.242733744629343	0.024601508658074	-0.347329730467814	0.171946028255356	FALSE	None
SESN1/SESN2	0.00371850321542306	-0.344278859177654	0.395580535892945	-0.347997362393078	0.734649566658326	FALSE	None
MBNL1/MBNL2	0.0350487846101157	-0.319925899368066	0.0162856463724288	-0.354974683978182	0.13571371977024	FALSE	None
TPST1/TPST2	-0.0767866441138621	-0.432176494575743	0.967104227249784	-0.355389850461881	0.996224639797717	FALSE	None
UNC5B/UNC5C	-0.0258909029764028	-0.384884625643572	0.178473760650817	-0.358993722667169	0.517892609031389	FALSE	None
MYC/MYCN	-1.40575278617063	-1.76660221223621	0.515888999433776	-0.360849426065581	0.805813028189802	FALSE	None
HIP1/HIP1R	-0.209558110328533	-0.571676243773868	0.0482796869790336	-0.362118133445335	0.241398434895168	FALSE	None
RHOBTB1/RHOBTB2	0.336838484978133	-0.0259951902950264	0.519439475094657	-0.362833675273159	0.805813028189802	FALSE	None
ACSL1/ACSL6	0.339863707066716	-0.0230446586721987	0.00996919164057078	-0.362908365738914	0.095293743623103	FALSE	None
EIF4G1/EIF4G3	-1.43968067890588	-1.80287469212947	0.386463342056799	-0.36319401322359	0.726014948950633	FALSE	None
P4HA1/P4HA2	0.0223839001352544	-0.34301233041222	0.0890301957343457	-0.365396230547475	0.348612212212799	FALSE	None
FOXF1/FOXF2	0.337995178383749	-0.0295562272365119	0.0220884446283047	-0.367551405620261	0.16694754660928	FALSE	None
TARS/TARSL2	-2.11005518019787	-2.48057802556857	0.342859832066028	-0.370522845370699	0.689965606324825	FALSE	None
ATAD2/ATAD2B	0.159598643189913	-0.211136064456783	0.0559615691465394	-0.370734707646696	0.261690790973026	FALSE	None
EEF1A1/EEF1A2	-2.95450464527174	-3.3252569631531	0.316956230343357	-0.370752317881364	0.668901135464876	FALSE	None
EIF4A1/EIF4A2	-2.22065268705354	-2.59152780099779	0.409480329698675	-0.370875113944247	0.742704211751698	FALSE	None
TRAF3/TRAF5	0.364802160439511	-0.00627561211105565	0.0302666613325909	-0.371077772550567	0.192875783001805	FALSE	None
MTMR10/MTMR12	0.253041062324677	-0.121362949227861	0.0271471427377032	-0.374404011552538	0.181913843087702	FALSE	None
FUNDC1/FUNDC2	0.930023353038474	0.554023213034671	0.00823002368920477	-0.376000140003803	0.0823002368920477	FALSE	None
SORBS1/SORBS2	0.626944215972059	0.249774890179876	0.0890301957343457	-0.377169325792183	0.348612212212799	FALSE	None
TTYH2/TTYH3	0.447760312885552	0.0687297932462788	0.430768442815985	-0.379030519639273	0.742704211751698	FALSE	None
CHD1/CHD2	-0.482605614317366	-0.862043880159346	0.0743157352487539	-0.37943826584198	0.311646631688323	FALSE	None
POC1A/POC1B	-1.29309708040358	-1.67305623566989	0.351411521948121	-0.379959155266314	0.694278082876227	FALSE	None
ANK2/ANK3	-0.454969779871137	-0.837511476234616	0.147193088330826	-0.382541696363479	0.462200518913221	FALSE	None
RNF13/RNF167	0.183722221754081	-0.199248248216973	0.115306510260875	-0.382970469971055	0.414084152870546	FALSE	None
MAN1A1/MAN1C1	0.264541301016653	-0.123648900682037	0.0414876722631996	-0.38819020169869	0.224724891425664	FALSE	None
CHSY1/CHSY3	0.558861091724096	0.16686843272034	0.0158407207449221	-0.391992659003755	0.13571371977024	FALSE	None
PRKCI/PRKCZ	0.278721605146929	-0.122522210077292	0.00173877763492192	-0.401243815224222	0.0245696839717228	FALSE	None
ANO4/ANO5	0.418865177435061	0.0117509139004387	0.0482796869790336	-0.407114263534622	0.241398434895168	FALSE	None
GPSM1/GPSM2	-0.0314398202379803	-0.439390847175047	0.0814288220842427	-0.407951026937067	0.337125696527119	FALSE	None
LCOR/LCORL	0.137242098321315	-0.272443988315911	0.0162561154210267	-0.409686086637226	0.13571371977024	FALSE	None
LHX6/LHX8	0.445521764934954	0.0357206636891911	0.0374157037255554	-0.409801101245763	0.215223074527531	FALSE	None
DACH1/DACH2	0.786639585410307	0.376082265607882	0.0243038774622728	-0.410557319802425	0.17171217772258	FALSE	None
RABGAP1/RABGAP1L	-0.71446746554076	-1.12836363272523	0.330525181861556	-0.413896167184473	0.682036089555591	FALSE	None
MAT1A/MAT2A	-2.63442277172572	-3.0495519094817	0.327352706972828	-0.415129137755979	0.679805940997886	FALSE	None
RAB4A/RAB4B	0.487130630864061	0.0705778925977897	0.246506703044604	-0.416552738266272	0.59564816720815	FALSE	None
ABL1/ABL2	0.104436091618365	-0.31558010897173	0.0172422873137515	-0.420016200590095	0.140093584424231	FALSE	None
LBX1/LBX2	0.30991993888112	-0.110888564254559	0.167108622090985	-0.420808503135679	0.505212113298327	FALSE	None
SLC44A1/SLC44A3	-0.0204368801882538	-0.441970812239815	0.00272968530117888	-0.421533932051562	0.0354859089153254	FALSE	None
SCAF4/SCAF8	-0.364716436662394	-0.789115111127892	0.214346278801561	-0.424398674465498	0.566150310919616	FALSE	None
LYSMD3/LYSMD4	0.373067706025174	-0.0538237944836585	0.00020805795134217	-0.426891500508833	0.00520144878355425	TRUE	Sensitizer
ICA1/ICA1L	0.457820103249293	0.027917598749104	0.02331559825526	-0.429902504500189	0.17171217772258	FALSE	None
RAD23A/RAD23B	-0.639028176005496	-1.06906025291589	0.0948724469035647	-0.430032076910394	0.364894026552172	FALSE	None
LDB1/LDB2	-0.341842604110632	-0.772274606134878	0.0355081424433434	-0.430432002024246	0.213706412853456	FALSE	None
LMCD1/TES	0.402147644513407	-0.0318530142763843	0.178473760650817	-0.434000658789791	0.517892609031389	FALSE	None
RNFT1/RNFT2	0.257296133754619	-0.177261674733976	0.105955088624419	-0.434557808488595	0.39809715379117	FALSE	None
CLTC/CLTCL1	-1.85165981467804	-2.28825895556439	0.320383948878672	-0.436599140886344	0.671772796035926	FALSE	None
NID1/NID2	0.0979156424261209	-0.3466628802903	0.243886791586921	-0.444578522716421	0.59564816720815	FALSE	None
PSMA7/PSMA8	-2.83514813962987	-3.28136980816882	0.130510373356381	-0.446221668538951	0.446482856219199	FALSE	None
KLHL2/KLHL3	0.273729316616566	-0.175642152729629	0.00149571994663957	-0.449371469346194	0.0216048436736826	FALSE	None
STX12/STX7	-0.161392519243988	-0.612019481767709	0.0243038774622728	-0.45062696252372	0.17171217772258	FALSE	None
THRA/THRB	-1.11739501154613	-1.56881369966739	0.208452181265999	-0.451418688121259	0.559892222408676	FALSE	None
ETV1/ETV4	0.0550124646400044	-0.410871014911037	0.0646130897960012	-0.465883479551042	0.287661016215074	FALSE	None
CCNE1/CDK2	-0.804946842616527	-1.27796659111642	0.0728198007971953	-0.473019748499893	0.30936516678547	FALSE	None
NIPAL1/NIPAL4	0.326095036143372	-0.148990405823311	0.0507375437531646	-0.475085441966683	0.247965439395166	FALSE	None
CUX1/CUX2	-0.0355594584476551	-0.514334417369415	0.573959012946438	-0.478774958921759	0.84739355749755	FALSE	None
ADSS/ADSSL1	-1.6177906088085	-2.10706960219506	0.143184369752263	-0.489278993386552	0.45847211989641	FALSE	None
LRP1/LRP1B	-0.373934155612052	-0.866026472386179	0.214346278801561	-0.492092316774127	0.566150310919616	FALSE	None
TMC7/TMC8	0.214655215104233	-0.278942405052901	0.193918754109226	-0.493597620157134	0.545658831909077	FALSE	None
NLGN1/NLGN4X	0.655118884497292	0.160384034609343	0.0564526453225537	-0.49473484988795	0.262101567568999	FALSE	None
AHCYL1/AHCYL2	-0.299912691035078	-0.79931812830133	0.178473760650817	-0.499405437266252	0.517892609031389	FALSE	None
NOTCH1/NOTCH2	0.172080068123842	-0.331335316361549	0.125281743741575	-0.503415384485391	0.437812545333461	FALSE	None
FAM78A/FAM78B	0.174711989679597	-0.329400705525742	0.0162856463724288	-0.504112695205339	0.13571371977024	FALSE	None
FBLIM1/ZYX	0.358227447020673	-0.146035925878354	0.141463386183846	-0.504263372899027	0.45847211989641	FALSE	None
GLIS1/GLIS3	0.403249907496092	-0.105746662771623	0.263771716716047	-0.508996570267715	0.618958902041265	FALSE	None
MPRIP/TRIOBP	-1.00299995206803	-1.51685576898983	0.107752736018346	-0.513855816921799	0.400224448068142	FALSE	None
ARHGEF6/ARHGEF7	0.808293152001682	0.294403624160093	0.00108393455071883	-0.51388952784159	0.017613936449181	FALSE	None
CHIC1/CHIC2	0.280311868482687	-0.235108437951519	0.0256922062622656	-0.515420306434206	0.175788779689185	FALSE	None
STAU1/STAU2	0.108841518126677	-0.413109525913557	0.000468756068964032	-0.521951044040234	0.00896151308313591	TRUE	Sensitizer
PRPF40A/PRPF40B	-2.20559019585744	-2.73225725353066	0.141463386183846	-0.526667057673221	0.45847211989641	FALSE	None
FOXN2/FOXN3	0.191411031326198	-0.345658844205177	0.0055303422025576	-0.537069875531375	0.0589298759288925	FALSE	None
SEC24A/SEC24B	0.0212222300864406	-0.519459859440103	0.0193695590781322	-0.540682089526543	0.151689318081758	FALSE	None
CLCN3/CLCN4	0.790672844260385	0.248016306467298	0.0106161635229787	-0.542656537793087	0.0985786612848023	FALSE	None
CDK12/CDK13	-2.54739599665877	-3.10323767982659	0.222093193036212	-0.555841683167816	0.570595159974459	FALSE	None
EFHD1/EFHD2	0.705101019247147	0.144881491142308	0.0394079612116417	-0.560219528104839	0.220820472306613	FALSE	None
CBFB/RUNX1	0.316457039400627	-0.248220112868565	0.0193695590781322	-0.564677152269192	0.151689318081758	FALSE	None
POGZ/ZNF280D	-0.0584213607323879	-0.635831638276096	0.00516614058182896	-0.577410277543708	0.0578964030722211	FALSE	None
VASH1/VASH2	0.183388772492963	-0.395134291875316	0.0392057168862568	-0.578523064368279	0.220820472306613	FALSE	None
COPZ1/COPZ2	-1.47517733981118	-2.07102872375216	0.0850995138718903	-0.595851383940982	0.343781144573052	FALSE	None
SPECC1/SPECC1L	-1.13560214451275	-1.73615116533753	0.199430058451145	-0.600549020824786	0.55634994846886	FALSE	None
SLC25A14/SLC25A30	0.533543735434883	-0.0777987293432189	0.000156664435337489	-0.611342464778102	0.00424299512372367	TRUE	Sensitizer
CDK2/CDK3	-0.826368845802616	-1.44976635084611	0.0271471427377032	-0.623397505043498	0.181913843087702	FALSE	None
PPM1E/PPM1F	0.264586349051006	-0.362344223220646	0.0392057168862568	-0.626930572271652	0.220820472306613	FALSE	None
MBNL2/MBNL3	0.824046695872573	0.19059212686031	0.000455859993718659	-0.633454569012263	0.00896151308313591	TRUE	Sensitizer
RALGAPA1/RALGAPA2	0.268659965816312	-0.397150445869738	7.10843861307228e-05	-0.66581041168605	0.00231024254924849	TRUE	Sensitizer
MOB1A/MOB1B	-0.411647032793811	-1.09432602979714	0.00516614058182896	-0.682678997003332	0.0578964030722211	FALSE	None
PHKA1/PHKA2	0.64754513521461	-0.0413421645703584	0.000307928467543612	-0.688887299784968	0.00667178346344492	TRUE	Sensitizer
BTRC/FBXW11	-0.738449278198364	-1.43465284727011	0.0587336764205707	-0.696203569071749	0.270758082789865	FALSE	None
TBX2/TBX3	-0.50497041811782	-1.21177415797942	0.00537379739531006	-0.7068037398616	0.0589298759288925	FALSE	None
WWC1/WWC2	0.855603588523025	0.110812476128826	3.79843691344401e-05	-0.744791112394199	0.00137165777429923	TRUE	Sensitizer
DLG2/DLG3	0.435832879629767	-0.318427738018723	0.00823002368920477	-0.75426061764849	0.0823002368920477	FALSE	None
BRD7/BRD9	0.0891001143691097	-0.678143904189987	6.87930706976098e-06	-0.767244018559097	0.000406504508667694	TRUE	Sensitizer
MED13/MED13L	-1.81807515304576	-2.60531117627962	0.0401923324753377	-0.787236023233864	0.223290735974098	FALSE	None
TSPAN6/TSPAN7	0.627740660506054	-0.183563832301438	5.58475853802379e-07	-0.811304492807492	5.18584721387923e-05	TRUE	Sensitizer
PAK2/PAK3	0.859956770607652	0.0250857378499678	1.12258368320408e-05	-0.834871032757685	0.000521199567201894	TRUE	Sensitizer
STK3/STK4	0.182419475364582	-0.666306572040341	0.000720348951045985	-0.848726047404923	0.0120058158507664	FALSE	None
HNRNPR/SYNCRIP	0.0522064851198255	-0.802475844796555	0.000189770691241804	-0.854682329916381	0.0049340379722869	TRUE	Sensitizer
ARID1A/ARID1B	-0.727215190219128	-1.60953808033197	0.000660647637181331	-0.882322890112839	0.011928360115774	FALSE	None
RBBP4/RBBP7	-1.88321171818005	-2.76600932943397	0.037180838724356	-0.882797611253921	0.215223074527531	FALSE	None
CUL4A/CUL4B	-1.0007484681498	-1.88756196779311	0.0172422873137515	-0.886813499643305	0.140093584424231	FALSE	None
FOXK1/FOXK2	-1.26859058186545	-2.16433264468388	0.107743181537644	-0.89574206281843	0.400224448068142	FALSE	None
EIF4E/EIF4E2	-1.65400718878892	-2.57701578842064	0.134923478657927	-0.923008599631719	0.454405498070737	FALSE	None
LLGL1/LLGL2	-0.24677944321858	-1.18523970472223	0.00148898952399257	-0.938460261503649	0.0216048436736826	FALSE	None
SETD1A/SETD1B	-1.44217282031182	-2.46317751942273	0.0354429053719041	-1.02100469911091	0.213706412853456	FALSE	None
RAB9A/RAB9B	0.933295564478995	-0.172302778858009	2.66669241054544e-07	-1.105598343337	2.8889167780909e-05	TRUE	Sensitizer
AMOT/AMOTL2	0.527522015752209	-0.61851255155001	6.37291384561707e-08	-1.14603456730222	1.03559849991277e-05	TRUE	Sensitizer
MBNL1/MBNL3	-0.0776190259368893	-1.34490116535877	2.2573336212932e-08	-1.26728213942188	7.33633426920289e-06	TRUE	Sensitizer
SMARCD1/SMARCD2	-1.44479045972808	-2.7775025749552	2.59329398409531e-05	-1.33271211522712	0.00099155358215409	TRUE	Sensitizer
