gene	hap1_time2_observed_logFC	torin_time2_observed_logFC	time2_pval	time2_residual_logFC	time2_fdr	time2_significant	time2_response
PTBP1/PTBP3	-0.880087513732365	1.49892075287247	2.79586665992333e-10	2.37900826660483	9.08656664475082e-08	TRUE	Suppressor
NCOR1/NCOR2	-0.329313373891113	1.91431303809602	7.10843861307228e-05	2.24362641198714	0.00231024254924849	TRUE	Suppressor
MTX1/MTX3	-2.8168681555389	-0.824717981307413	0.000374720066565461	1.99215017423149	0.00696420258433052	TRUE	Suppressor
LSM14A/LSM14B	-0.443904925434266	1.44342340681424	5.58475853802379e-07	1.88732833224851	3.30008459065042e-05	TRUE	Suppressor
LIN28A/LIN28B	-0.576858870300147	1.2898483662773	6.71357718206394e-07	1.86670723657745	3.35678859103197e-05	TRUE	Suppressor
CREBBP/EP300	-1.46946308911259	0.24175269873128	0.000251250426972501	1.71121578784387	0.00563147508731468	TRUE	Suppressor
PTBP1/PTBP2	-2.15966088267659	-0.476041524599148	0.000921372643126695	1.68361935807744	0.0130193960441816	FALSE	None
PKN2/PKN3	-1.36983370952522	0.276459088829227	2.14391580415506e-07	1.64629279835445	1.54838363633421e-05	TRUE	Suppressor
BRD4/KDM6B	-1.14437711577514	0.476837781931578	0.00160557280857217	1.62121489770672	0.0183078111132733	FALSE	None
SAMD4A/SAMD4B	-1.98435063165536	-0.42756517975836	5.78770920264727e-05	1.556785451897	0.00198000577985301	TRUE	Suppressor
ROCK1/ROCK2	0.837196285016253	2.37160692641422	1.30489075757442e-08	1.53441064139797	2.12044748105843e-06	TRUE	Suppressor
RHOT1/RHOT2	-3.39823775737077	-1.90249552553575	0.00149571994663957	1.49574223183502	0.0176766902784676	FALSE	None
ANKRD11/ANKRD12	-0.592683943532644	0.889383957397987	3.32359579500069e-09	1.48206790093063	7.2011242225015e-07	TRUE	Suppressor
BRD4/KDM4C	-0.685188829477814	0.764920372503783	0.00419749002679965	1.4501092019816	0.035433357369088	FALSE	None
ARL8A/ARL8B	-1.6590843984342	-0.235241979972159	0.000274495396401779	1.42384241846204	0.00594740025537187	TRUE	Suppressor
HNRNPF/HNRNPH3	-2.17583895769485	-0.81109490811555	0.000374995523771643	1.3647440495793	0.00696420258433052	TRUE	Suppressor
RIC8A/RIC8B	-0.658273946389118	0.67695935082527	5.58475853802379e-07	1.33523329721439	3.30008459065042e-05	TRUE	Suppressor
GNA12/GNA13	-0.567048120528578	0.759172232779994	0.00020805795134217	1.32622035330857	0.0050088025323115	TRUE	Suppressor
PDS5A/PDS5B	-2.66384139240304	-1.37985555567672	0.0033935372788444	1.28398583672632	0.0312250039870996	FALSE	None
KDM2A/KDM2B	-0.523412372372602	0.753337163560096	0.0302666613325909	1.2767495359327	0.135245958773244	FALSE	None
E2F7/E2F8	1.09907203409184	2.30973207172118	0.0127812292069938	1.21066003762934	0.0783754621183585	FALSE	None
SIN3A/SIN3B	-1.36064286225266	-0.152779127365731	0.00516614058182896	1.20786373488693	0.0404577274480581	FALSE	None
PIP4K2A/PIP4K2B	-0.207117071567947	0.973151318616205	1.43577738225134e-07	1.18026839018415	1.33322185494767e-05	TRUE	Suppressor
GATAD2A/GATAD2B	-0.849046540839982	0.325762726832282	0.00096949083011238	1.17480926767226	0.0134078519058095	FALSE	None
NRBP1/NRBP2	-0.815790220399601	0.297390994433985	0.0302666613325909	1.11318121483359	0.135245958773244	FALSE	None
CAPRIN1/CAPRIN2	-0.232882528539359	0.837390028340902	0.000781201946400821	1.07027255688026	0.011540483299103	FALSE	None
PHACTR2/PHACTR4	-0.554490314094581	0.498609070608546	0.000329015259622542	1.05309938470313	0.00648060359862583	TRUE	Suppressor
RNF115/RNF126	-0.196835448396013	0.847748972020053	1.96718017944525e-05	1.04458442041607	0.000752157127434949	TRUE	Suppressor
OTUB1/OTUB2	-0.544177223995065	0.496708278711131	0.000284347913926325	1.0408855027062	0.00596213367910036	TRUE	Suppressor
PPP1CA/PPP1CC	-1.96847558667562	-0.973983260136958	0.0302666613325909	0.994492326538662	0.135245958773244	FALSE	None
OTX1/OTX2	-0.372905141503306	0.620883441277552	0.00389144807822305	0.993788582780858	0.034366429940418	FALSE	None
TPM1/TPM2	-0.723477798804484	0.263461351649384	0.000106191997509404	0.986939150453868	0.00300107819048315	TRUE	Suppressor
SAP30/SAP30L	-0.47413990736792	0.509252933562877	0.000718634256850065	0.983392840930797	0.0111217206417272	FALSE	None
ACVR2A/ACVR2B	-1.11393166805736	-0.142803487704405	0.00144299861593301	0.971128180352954	0.0176766902784676	FALSE	None
LARP1/LARP1B	-0.91290563779524	0.0379322505406199	0.00516614058182896	0.95083788833586	0.0404577274480581	FALSE	None
GNB1/GNB4	-1.05650859698899	-0.190591756390507	0.0055303422025576	0.865916840598483	0.0417990980425866	FALSE	None
IGF2BP1/IGF2BP3	-0.334570563412305	0.523983538240546	0.000142314526905611	0.858554101652851	0.00370017769954587	TRUE	Suppressor
SLC25A12/SLC25A13	-1.69337011986432	-0.857063704245104	0.0302666613325909	0.836306415619211	0.135245958773244	FALSE	None
RANBP10/RANBP9	-0.955478432028465	-0.155920293440175	0.0319926808395972	0.79955813858829	0.139565386213008	FALSE	None
LETM1/LETM2	-1.5548933817583	-0.76438621869091	0.0177244672850267	0.790507163067393	0.0976347774175202	FALSE	None
MSI1/MSI2	-0.0844452124228999	0.690341652464632	0.000250456050110561	0.774786864887532	0.00563147508731468	TRUE	Suppressor
TIA1/TIAL1	-1.1234733843341	-0.370868289008698	0.302535847130193	0.752605095325406	0.543227349819406	FALSE	None
BTBD1/BTBD2	-0.705946587001133	0.0433761248187879	0.00129650126937371	0.749322711819921	0.0165240357861355	FALSE	None
TLN1/TLN2	-2.14159790281348	-1.41183159955756	0.0559615691465394	0.729766303255916	0.203212401928774	FALSE	None
ZCCHC11/ZCCHC6	-0.831298893299046	-0.106942552374963	0.000511255507851587	0.724356340924083	0.00898151567847383	TRUE	Suppressor
PAIP1/PAIP2	-0.173046231606925	0.541594682602254	0.0271471427377032	0.714640914209179	0.132674005860956	FALSE	None
PAPSS1/PAPSS2	-1.96154237172019	-1.28937605626835	0.0229797647697574	0.672166315451844	0.120458444357599	FALSE	None
MLLT1/MLLT3	0.147421405824986	0.8142290750265	0.000999668942374605	0.666807669201514	0.0135371835946561	FALSE	None
SP1/SP3	-1.32441997501892	-0.659183064209373	0.0182794093328219	0.66523691080955	0.0998455131624726	FALSE	None
LRRC1/SCRIB	0.444274001423934	1.10494901907106	0.076172676334695	0.660675017647125	0.248805224208803	FALSE	None
FUBP1/FUBP3	-1.57282591859826	-0.916995165720394	0.0761407955687257	0.65583075287787	0.248805224208803	FALSE	None
STRIP1/STRIP2	-2.17329668780497	-1.51761018373778	0.096920060409118	0.655686504067194	0.282065869665092	FALSE	None
BCL2L1/BCL2L2	-3.18181831273882	-2.53861327157853	0.495623309085694	0.643205041160287	0.702692215923324	FALSE	None
EIF1/EIF1B	-2.58684228650407	-1.94853975006222	0.139796072925543	0.638302536441851	0.357745855911821	FALSE	None
SFXN4/SFXN5	-1.07063434314301	-0.432731632948476	0.0869929823209982	0.637902710194534	0.269263992898328	FALSE	None
INPP4A/INPP4B	1.16691992152324	1.77253576847347	0.0972042381615088	0.605615846950228	0.282065869665092	FALSE	None
RYBP/YAF2	0.0222797507872537	0.617477225107777	0.00996919164057078	0.595197474320523	0.0661221894527654	FALSE	None
RAVER1/RAVER2	0.193797381047278	0.783071422816724	0.167108622090985	0.589274041769446	0.390721598414174	FALSE	None
STRADA/STRADB	-0.849920335932066	-0.262664777888838	0.0443294774985467	0.587255558043228	0.181221134428021	FALSE	None
PIK3CB/PIK3CD	-1.8424907676419	-1.25651096595813	0.0177244672850267	0.585979801683775	0.0976347774175202	FALSE	None
BMI1/PCGF2	0.475632018991899	1.03278040840852	0.110554262046589	0.557148389416619	0.311083421343217	FALSE	None
APBA2/APBA3	-0.372949345449941	0.177221557510015	0.26108427803952	0.550170902959956	0.503575016990173	FALSE	None
BMPR1A/BMPR1B	-1.39864146638473	-0.859508115730815	0.292968963675547	0.539133350653913	0.528971739969737	FALSE	None
MAP2K3/MAP2K6	-0.848815303994123	-0.311987561509058	0.0436576356607178	0.536827742485066	0.179604197338396	FALSE	None
SPIRE1/SPIRE2	-0.938701821707806	-0.416388916907082	0.103304346732573	0.522312904800725	0.294508006035844	FALSE	None
TNKS/TNKS2	-1.25247395156139	-0.73377986177008	0.358815569371229	0.518694089791309	0.593460865372262	FALSE	None
ATXN1/ATXN1L	-0.0225952899742057	0.491136863735429	0.0778876752318887	0.513732153709635	0.251875566670287	FALSE	None
ATF6/ATF6B	-0.749180038977442	-0.240963826404648	0.160863167838586	0.508216212572794	0.383007542472823	FALSE	None
CAB39/CAB39L	-1.45025016729753	-0.952518961342107	0.130510373356381	0.497731205955419	0.339326970726592	FALSE	None
ZNF503/ZNF703	-0.381233329731531	0.107555516846864	0.243886791586921	0.488788846578395	0.492318057551239	FALSE	None
MAP3K2/MAP3K3	-0.507084572576672	-0.0356021400632007	0.407115953422494	0.471482432513472	0.633075047188089	FALSE	None
COMP/THBS3	-0.949207133050453	-0.477908092164826	0.0972042381615088	0.471299040885627	0.282065869665092	FALSE	None
UBQLN1/UBQLN4	-0.0639267498415732	0.406558104675871	0.00935686782804674	0.470484854517444	0.062700660703406	FALSE	None
LIMK1/LIMK2	-0.0641604650707364	0.39620374430672	0.0112993840580768	0.460364209377457	0.07200587880147	FALSE	None
CYB5A/CYB5B	-0.20424177871991	0.251252305629156	0.0532971859384616	0.455494084349066	0.202591642456141	FALSE	None
MKNK1/MKNK2	0.320620938080248	0.770689974136729	0.0414876722631996	0.450069036056481	0.171764248223438	FALSE	None
IMPDH1/IMPDH2	-2.50973420824877	-2.06021909190137	0.193918754109226	0.449515116347406	0.417374801890718	FALSE	None
PLCL1/PLCL2	-0.157755287880857	0.284122396052565	0.0459206839409298	0.441877683933422	0.183119291788984	FALSE	None
SLC9A3/SLC9A5	-0.471728304014568	-0.0394241340998747	0.153095027379765	0.432304169914694	0.372703250175457	FALSE	None
MAP2K1/MAP2K2	-1.1805607254007	-0.758920167591147	0.307356969651251	0.421640557809558	0.550363719761194	FALSE	None
EXT1/EXTL1	-0.914250297933526	-0.496318636868717	0.455184044167307	0.417931661064809	0.667877265708238	FALSE	None
APH1A/APH1B	-0.71286452105427	-0.311222796819393	0.192257400605712	0.401641724234876	0.416557701312377	FALSE	None
B4GALT5/B4GALT6	-0.0561340388842515	0.3405845557391	0.0120205042353316	0.396718594623351	0.0751281514708228	FALSE	None
SNAP23/SNAP25	-1.67870383802966	-1.28459158574959	0.560083049554513	0.394112252280074	0.761619209645259	FALSE	None
PMM1/PMM2	-2.38424230565584	-1.99228840767289	0.327287054949494	0.39195389798295	0.569871003209579	FALSE	None
CTBP1/CTBP2	-0.83298894076495	-0.441880756781611	0.397820297438312	0.391108183983339	0.623172273792157	FALSE	None
CCDC102A/CCDC102B	0.41291485985248	0.802958100348572	0.153095027379765	0.390043240496092	0.372703250175457	FALSE	None
RAB26/RAB37	-0.248160326838771	0.141389132708194	0.0616165090024757	0.389549459546965	0.220058960723128	FALSE	None
PPP2CA/PPP2CB	-2.20246085700107	-1.814830962523	0.380821966308307	0.387629894478072	0.617292464090772	FALSE	None
STK38/STK38L	-0.345994896123373	0.0414616690509314	0.353454493479359	0.387456565174304	0.587584196321185	FALSE	None
ARNT/ARNT2	-1.097751826405	-0.71265680211414	0.153095027379765	0.385095024290858	0.372703250175457	FALSE	None
AXIN1/AXIN2	-0.216680056723272	0.166539133710531	0.272703911388575	0.383219190433803	0.511153923081474	FALSE	None
ARHGEF1/ARHGEF12	-0.237686989264809	0.138841927268443	0.0193695590781322	0.376528916533252	0.103198470498246	FALSE	None
LMBR1/LMBR1L	-0.0947319256715744	0.279144394156511	0.231707368569616	0.373876319828085	0.475109746278392	FALSE	None
COPG1/COPG2	-2.46265326423235	-2.09091417948184	0.635274318015624	0.371739084750508	0.816111011903429	FALSE	None
SLC25A33/SLC25A36	-0.24483291376323	0.12614688098742	0.0646130897960012	0.37097979475065	0.22699766211883	FALSE	None
XYLT1/XYLT2	-1.50173966065952	-1.13350951411722	0.283581160314199	0.368230146542299	0.52074786044738	FALSE	None
WIPI1/WIPI2	-0.557403061593524	-0.190605025092746	0.395580535892945	0.366798036500778	0.623172273792157	FALSE	None
SPOP/SPOPL	-0.227649409717619	0.135750781970831	0.125281743741575	0.36340019168845	0.328359409000095	FALSE	None
USP16/USP45	-0.572393935935684	-0.209928448183216	0.451630794077147	0.362465487752468	0.667877265708238	FALSE	None
DLG1/DLG4	-0.417102158943775	-0.0647687764994533	0.274450337162207	0.352333382444322	0.511153923081474	FALSE	None
CSNK2A1/CSNK2A2	-0.158757828798468	0.184704311518112	0.153095027379765	0.34346214031658	0.372703250175457	FALSE	None
RHPN1/RHPN2	0.0290083141278122	0.3718152738677	0.397871528651915	0.342806959739888	0.623172273792157	FALSE	None
CAND1/CAND2	-0.129699083802368	0.213022301007159	0.206792440630272	0.342721384809527	0.435000279642967	FALSE	None
SEC11A/SEC11C	-1.69411223013746	-1.361160703179	0.642671128007354	0.332951526958463	0.823937343599172	FALSE	None
SMARCA2/SMARCA4	-0.6891670876885	-0.361481303967393	0.246506703044604	0.327685783721107	0.493364394679801	FALSE	None
AGPAT3/AGPAT4	-0.222736900287596	0.103445286419544	0.185272618270148	0.32618218670714	0.408227802968122	FALSE	None
PPARGC1A/PPRC1	-1.66826313501832	-1.34555759359096	0.214346278801561	0.322705541427359	0.447990614858568	FALSE	None
PRKAR1A/PRKAR1B	0.130388556477139	0.452845874685191	0.246506703044604	0.322457318208051	0.493364394679801	FALSE	None
SAMD1/SAMD13	0.0897221557829936	0.41132667153281	0.0972042381615088	0.321604515749817	0.282065869665092	FALSE	None
PTK2/PTK2B	-1.449143850934	-1.1315135832523	0.542991003493879	0.317630267681699	0.749350641764376	FALSE	None
PUM1/PUM2	-1.5623748280061	-1.25347084398702	0.256747711378733	0.308903984019074	0.496684560702906	FALSE	None
SFXN1/SFXN3	-0.88602464248712	-0.57739146738415	0.185272618270148	0.30863317510297	0.408227802968122	FALSE	None
DUSP15/DUSP22	-0.957116403582521	-0.653624121727857	0.364123595469473	0.303492281854664	0.596385338318007	FALSE	None
SYDE1/SYDE2	0.136873995869049	0.44003594574991	0.23817210115098	0.303161949880861	0.483787080462928	FALSE	None
ELMO2/ELMO3	-1.06233640704358	-0.76043564585296	0.407115953422494	0.301900761190623	0.633075047188089	FALSE	None
R3HCC1/R3HCC1L	0.340428905698013	0.639454258199916	0.153095027379765	0.299025352501902	0.372703250175457	FALSE	None
VAPA/VAPB	-0.366672453575708	-0.0758680576803159	0.675265661581359	0.290804395895393	0.836043200053112	FALSE	None
PAK4/PAK6	-0.702040254935177	-0.41630505968265	0.489599542414926	0.285735195252528	0.701486789518825	FALSE	None
RASSF7/RASSF8	-0.201461632359583	0.0776657755390496	0.0849470870498588	0.279127407898633	0.267385334667929	FALSE	None
MECOM/PRDM16	0.422640424861004	0.696359203089941	0.255039588028929	0.273718778228937	0.49485293199643	FALSE	None
ZMIZ1/ZMIZ2	0.51820869280805	0.791265413501769	0.141463386183846	0.273056720693719	0.357786774394942	FALSE	None
PIEZO1/PIEZO2	-0.029034436329051	0.242214338858684	0.0972042381615088	0.271248775187735	0.282065869665092	FALSE	None
OSR1/OSR2	-0.0712107762123185	0.197299491916556	0.340867860214887	0.268510268128875	0.581533094854794	FALSE	None
CBX1/CBX5	0.0709185347308076	0.33051317134125	0.470426190921158	0.259594636610443	0.681017871043993	FALSE	None
SGTA/SGTB	-0.199263952829395	0.0595367210578424	0.283607296305189	0.258800673887238	0.52074786044738	FALSE	None
RGMA/RGMB	-0.341508190767782	-0.0891529737007019	0.430768442815985	0.25235521706708	0.648146962570347	FALSE	None
PLCG1/PLCG2	-0.050283005471459	0.200927403190839	0.222093193036212	0.251210408662298	0.458287541185835	FALSE	None
GNL3/GNL3L	-2.01719876745527	-1.77939511897126	0.44549449953905	0.237803648484007	0.66263483913131	FALSE	None
SNX12/SNX3	-1.03385079947457	-0.796686199574487	0.409480329698675	0.237164599900084	0.635232015045677	FALSE	None
TJP2/TJP3	-0.159577590608519	0.0768762871364701	0.362155524599257	0.236453877744989	0.596385338318007	FALSE	None
HSF1/HSF4	-2.00907899475225	-1.77502349566573	0.560083049554513	0.234055499086526	0.761619209645259	FALSE	None
PPP1R16A/PPP1R16B	-0.416692329886561	-0.186425154214037	0.613354322502747	0.230267175672525	0.807121203483086	FALSE	None
GREB1/GREB1L	0.361742352348892	0.590552881940644	0.75148727461787	0.228810529591752	0.881708896212302	FALSE	None
YIF1A/YIF1B	-1.5256302184079	-1.29905720607514	0.418845831769773	0.226573012332763	0.640587742706711	FALSE	None
SEC61A1/SEC61A2	-1.81160547356983	-1.58517611409052	0.433293603964274	0.226429359479309	0.648942033587046	FALSE	None
CCNL1/CCNL2	-2.93888350092632	-2.71294868496466	0.620652788655589	0.225934815961659	0.808502612068247	FALSE	None
SRRM1/SRRM2	-2.33618888946068	-2.11998245711099	0.885230821336044	0.216206432349694	0.948361797842323	FALSE	None
SOX11/SOX12	0.662428480360135	0.876374168361859	0.206792440630272	0.213945688001725	0.435000279642967	FALSE	None
CHCHD3/CHCHD6	-0.740730589806911	-0.529307363005554	0.397871528651915	0.211423226801357	0.623172273792157	FALSE	None
MAPKBP1/WDR62	-1.2411808047995	-1.03158546440448	0.620586386612735	0.209595340395018	0.808502612068247	FALSE	None
CORO2A/CORO2B	-0.138536328928274	0.0688386136988094	0.384241116403253	0.207374942627084	0.618209716985432	FALSE	None
FHOD1/FHOD3	0.0460565360817439	0.252323527766235	0.320383948878672	0.206266991684491	0.562836666949019	FALSE	None
PRKCD/PRKCQ	0.0218375596058646	0.224007807996589	0.291171026407298	0.202170248390724	0.52866247811381	FALSE	None
CALB1/CALB2	-0.032221942588873	0.169714758699366	0.630998003515649	0.201936701288239	0.815404974722012	FALSE	None
OSBPL5/OSBPL8	-0.373590814884064	-0.172136354331892	0.757090911287619	0.201454460552172	0.881915936087728	FALSE	None
RAB1A/RAB1B	-2.13350605928643	-1.93494124011908	0.705414168897006	0.198564819167341	0.858650205586243	FALSE	None
OGDH/OGDHL	-2.47945319378375	-2.28799081334	0.725930771141294	0.191462380443747	0.871430361193896	FALSE	None
YIPF1/YIPF2	0.0252802443171873	0.215753589395727	0.23817210115098	0.190473345078539	0.483787080462928	FALSE	None
ISL1/ISL2	-0.490782358226437	-0.303565105878578	0.657497653920716	0.187217252347859	0.828658900151044	FALSE	None
ACTR1A/ACTR1B	-2.72757112884224	-2.54455161888265	0.657497653920716	0.183019509959586	0.828658900151044	FALSE	None
HOOK1/HOOK2	0.145586802710522	0.327092172871101	0.660377400428063	0.18150537016058	0.828658900151044	FALSE	None
BCL2L1/MCL1	-2.13910377529181	-1.95908990164725	0.693474392213278	0.180013873644567	0.852095188919907	FALSE	None
QPCT/QPCTL	-0.136870276675198	0.0393478114426124	0.926767514801739	0.17621808811781	0.957708878570955	FALSE	None
PTPN1/PTPN2	-0.206130433131584	-0.0384021303527017	0.37309905534244	0.167728302778882	0.607805478628035	FALSE	None
SGMS1/SGMS2	-0.304473683545929	-0.146313281637671	0.493199173554005	0.158160401908258	0.701486789518825	FALSE	None
PDE8A/PDE8B	-0.403274003020169	-0.250676589367893	0.185272618270148	0.152597413652276	0.408227802968122	FALSE	None
GMFB/GMFG	-0.360173099199638	-0.214248433421916	0.340867860214887	0.145924665777722	0.581533094854794	FALSE	None
RBMS1/RBMS3	0.555151444866516	0.698719283477523	0.395580535892945	0.143567838611006	0.623172273792157	FALSE	None
MAGT1/TUSC3	-0.285784451837677	-0.144469081399756	0.192257400605712	0.141315370437922	0.416557701312377	FALSE	None
PARP6/PARP8	-0.684433964030597	-0.543503481434923	0.675265661581359	0.140930482595674	0.836043200053112	FALSE	None
ELAVL1/ELAVL2	-0.471482740917125	-0.332798532901945	0.798446530473077	0.13868420801518	0.899463162577989	FALSE	None
SOS1/SOS2	-0.994274705161227	-0.856710366105434	0.330525181861556	0.137564339055793	0.569871003209579	FALSE	None
RAB34/RAB36	-1.1728249985	-1.03593588334886	1	0.136889115151144	1	FALSE	None
BANK1/PIK3AP1	-0.165145641372118	-0.0302051534514853	0.862160641566881	0.134940487920633	0.935566639429837	FALSE	None
DMWD/WDR20	-0.51972953411953	-0.389448888643198	1	0.130280645476332	1	FALSE	None
DDR1/DDR2	0.104945849383379	0.234809985760488	0.493199173554005	0.12986413637711	0.701486789518825	FALSE	None
BAIAP3/UNC13D	-0.812878882073582	-0.686434194117493	0.591670550712046	0.12644468795609	0.79323025794616	FALSE	None
NEDD4/NEDD4L	0.0748846704103484	0.200515832977912	0.506231587263128	0.125631162567563	0.712230588140764	FALSE	None
DYNLL1/DYNLL2	-0.413520446354368	-0.289085000057075	0.772823996746869	0.124435446297293	0.889089553779584	FALSE	None
IL16/PDZD2	0.0254455980029173	0.149729940521707	0.560083049554513	0.124284342518789	0.761619209645259	FALSE	None
UBE2Q1/UBE2Q2	-0.657064242253168	-0.537818282935933	0.483129813030411	0.119245959317235	0.694937133390538	FALSE	None
SLC52A2/SLC52A3	0.199961833250881	0.319198011545515	0.757090911287619	0.119236178294634	0.881915936087728	FALSE	None
SOX5/SOX6	0.0443049767964356	0.161911471112027	0.493199173554005	0.117606494315592	0.701486789518825	FALSE	None
SLC12A4/SLC12A5	0.0513265781164489	0.166491336675759	0.894378126272837	0.115164758559311	0.948361797842323	FALSE	None
ITGA4/ITGA9	-0.174476150811006	-0.060141063231382	0.616516480356682	0.114335087579624	0.808502612068247	FALSE	None
CSNK1D/CSNK1E	-1.92587551999109	-1.81572136157304	0.909702147061075	0.11015415841805	0.953076463320924	FALSE	None
CDK14/CDK15	0.193205547894076	0.303257654396112	0.546368677913132	0.110052106502036	0.750823764574072	FALSE	None
CNOT7/CNOT8	-1.87793551330545	-1.7694963924322	0.788651012571809	0.108439120873245	0.899338873985396	FALSE	None
SS18/SS18L1	-0.806411123572439	-0.700146774829641	0.519439475094657	0.106264348742798	0.724540040368084	FALSE	None
ATF3/JDP2	-0.219514367946815	-0.115907899400072	0.99185195319931	0.103606468546743	1	FALSE	None
MICALL1/MICALL2	-0.393495389892991	-0.290572916211556	0.598986715994628	0.102922473681435	0.799495397077164	FALSE	None
ARPC5/ARPC5L	-2.34749547773905	-2.25013904711891	0.804565751512813	0.0973564306201462	0.903225800489341	FALSE	None
SEC24C/SEC24D	-1.00935142820897	-0.913633700811666	0.926767514801739	0.0957177273973004	0.957708878570955	FALSE	None
EXOC6/EXOC6B	-0.352449696985531	-0.269890849737772	0.587992653723386	0.0825588472477581	0.791294461532507	FALSE	None
AP1G1/AP1G2	-1.6236106959097	-1.54576690467842	0.901535968059336	0.0778437912312784	0.951296070192481	FALSE	None
USP35/USP38	-0.613272519561477	-0.538137952142782	0.782704652224925	0.0751345674186952	0.894126579870301	FALSE	None
ADAMTSL1/ADAMTSL3	-0.0420952876138986	0.0301440513562721	0.894378126272837	0.0722393389701707	0.948361797842323	FALSE	None
PPIB/PPIC	-1.22018265826579	-1.15150764019382	0.894378126272837	0.0686750180719686	0.948361797842323	FALSE	None
KIAA1217/SRCIN1	0.319596673295294	0.374231375317538	0.836633031283295	0.0546347020222439	0.920154772138987	FALSE	None
FAM102A/FAM102B	-0.414626357243031	-0.360407302278501	0.782704652224925	0.0542190549645296	0.894126579870301	FALSE	None
RFX5/RFX7	-0.532292417068604	-0.482551851931978	0.862160641566881	0.0497405651366267	0.935566639429837	FALSE	None
APLP1/APLP2	-0.314822879731656	-0.266418332889546	0.680043154742435	0.0484045468421102	0.840357510613275	FALSE	None
EP400/SRCAP	-0.99341421157459	-0.946521442182568	0.846132512586467	0.0468927693920224	0.925902581113137	FALSE	None
FAM126A/FAM126B	-0.2722398545744	-0.226502541032039	0.736023489685306	0.0457373135423617	0.871430361193896	FALSE	None
ULK1/ULK2	0.165062339740745	0.210250484152585	0.95927643725843	0.0451881444118393	0.978853507406561	FALSE	None
STX10/STX6	-0.0505218279031713	-0.00692945570105116	0.901525331514206	0.0435923722021202	0.951296070192481	FALSE	None
CHMP4A/CHMP4C	-0.379119092242594	-0.335691170536226	1	0.0434279217063681	1	FALSE	None
ELMOD1/ELMOD2	0.277883003065978	0.32105578590214	0.506231587263128	0.0431727828361628	0.712230588140764	FALSE	None
EME1/EME2	-1.15279921263702	-1.1137400145531	0.577701170364465	0.0390591980839152	0.780677257249276	FALSE	None
TNK1/TNK2	-0.242219348677085	-0.20632304210271	0.767049595269156	0.0358963065743751	0.88715700520454	FALSE	None
SLC16A1/SLC16A3	-0.956313799214704	-0.92337069025947	0.894378126272837	0.0329431089552342	0.948361797842323	FALSE	None
MSX1/MSX2	0.157021346836817	0.188829929562355	0.878244652881427	0.0318085827255382	0.946698216207177	FALSE	None
VPS13A/VPS13C	-0.10822942319561	-0.0772029329075943	0.519439475094657	0.0310264902880156	0.724540040368084	FALSE	None
CCNY/CCNYL1	0.602489675002213	0.6298870397923	0.830166612296523	0.0273973647900868	0.914590335580915	FALSE	None
JAG1/JAG2	-0.134779810315536	-0.113104405405196	0.690279643084975	0.0216754049103402	0.849776075767488	FALSE	None
PRKCA/PRKCB	-0.208581798355236	-0.188077496028708	1	0.0205043023265276	1	FALSE	None
DAAM1/DAAM2	0.167474776830061	0.186994932093032	0.814269220991486	0.0195201552629708	0.906292797336414	FALSE	None
GDPD1/GDPD3	-0.7835070946363	-0.765468729339405	0.934264347261701	0.0180383652968943	0.962395920317125	FALSE	None
MVB12A/MVB12B	0.117848818032426	0.134163025397204	0.455184044167307	0.0163142073647781	0.667877265708238	FALSE	None
NLN/THOP1	-0.336470735329183	-0.321720289335035	0.384241116403253	0.0147504459941475	0.618209716985432	FALSE	None
RARA/RARG	-0.143566833361998	-0.130520686553019	0.710485506512998	0.0130461468089788	0.861632627837679	FALSE	None
RBM15/RBM15B	-0.736097509385074	-0.732529658770609	0.934246539800591	0.00356785061446518	0.962395920317125	FALSE	None
UCHL1/UCHL3	-0.463543692158057	-0.461905780784691	0.660377400428063	0.00163791137336583	0.828658900151044	FALSE	None
TRAK1/TRAK2	0.256444123710839	0.256861581582951	0.421288251491442	0.000417457872111782	0.641305300865192	FALSE	None
MME/MMEL1	0.114110951491787	0.112993800971497	0.720663932954535	-0.00111715052029022	0.869075243822723	FALSE	None
SUN1/SUN2	0.112935848310772	0.110907765396001	0.733618090935917	-0.00202808291477084	0.871430361193896	FALSE	None
ARHGAP31/ARHGAP33	-0.252715571976804	-0.256346312546652	0.814269220991486	-0.0036307405698473	0.906292797336414	FALSE	None
TOP2A/TOP2B	-2.30940554219055	-2.31524937469714	0.917882763430253	-0.00584383250659304	0.957662594269124	FALSE	None
SLC9A3R1/SLC9A3R2	-0.474461939197081	-0.480731724338551	0.95927643725843	-0.00626978514146986	0.978853507406561	FALSE	None
DNAJA1/DNAJA4	-1.28622298865745	-1.29284892818756	0.860862329249049	-0.0066259395301107	0.935566639429837	FALSE	None
ELK3/ELK4	0.0165925366796994	0.00976814168099852	0.926051624343871	-0.0068243949987009	0.957708878570955	FALSE	None
SOCS4/SOCS5	-0.174395808720292	-0.181511652785362	0.664997004650641	-0.00711584406506907	0.829650773556463	FALSE	None
SLC29A1/SLC29A2	-0.647413095515069	-0.655424321256554	0.868974130605417	-0.00801122574148461	0.939822271037473	FALSE	None
CHPF/CHPF2	0.220426999325281	0.20981362848852	0.397871528651915	-0.0106133708367615	0.623172273792157	FALSE	None
TMX1/TMX4	-0.195582302602746	-0.208608685204768	0.660377400428063	-0.0130263826020221	0.828658900151044	FALSE	None
EMC8/EMC9	-0.348336399949408	-0.361432501310561	0.910554590341991	-0.013096101361153	0.953076463320924	FALSE	None
TMEM59/TMEM59L	0.239257533555984	0.225951672698269	0.741457846984504	-0.0133058608577155	0.87467804090731	FALSE	None
KLF13/KLF9	-0.278692397070587	-0.293895802616893	0.720663932954535	-0.0152034055463064	0.869075243822723	FALSE	None
KLF10/KLF11	-0.730260443290843	-0.746566826959686	0.782704652224925	-0.0163063836688431	0.894126579870301	FALSE	None
BRAF/MAP2K1	-0.78880054902079	-0.806045742533016	0.926767514801739	-0.0172451935122264	0.957708878570955	FALSE	None
UNC119/UNC119B	-0.411322948693589	-0.428721734427053	0.967104227249784	-0.0173987857334637	0.985294275411222	FALSE	None
GRPEL1/GRPEL2	-2.33070295058248	-2.34902073041949	0.885224634311383	-0.0183177798370093	0.948361797842323	FALSE	None
ADAP1/ADAP2	-0.470513565144666	-0.491534993890747	0.702843935801592	-0.0210214287460804	0.858650205586243	FALSE	None
ATP9A/ATP9B	0.449466493983339	0.426355241122693	0.613412114647145	-0.023111252860646	0.807121203483086	FALSE	None
GPR137/GPR137C	-0.0427978768095756	-0.0695428847537992	0.95927643725843	-0.0267450079442236	0.978853507406561	FALSE	None
SEC31A/SEC31B	-0.522426101603377	-0.551815879257117	0.95927643725843	-0.0293897776537406	0.978853507406561	FALSE	None
EBF1/EBF3	1.13407079618031	1.10415201157821	0.430768442815985	-0.0299187846020992	0.648146962570347	FALSE	None
MAN2A1/MAN2A2	0.0582501972922652	0.0248914639284453	0.830166612296523	-0.0333587333638199	0.914590335580915	FALSE	None
KIFC2/KIFC3	0.198053349733658	0.163445647153525	0.830166612296523	-0.0346077025801332	0.914590335580915	FALSE	None
ERLIN1/ERLIN2	0.0608914877357139	0.024614445221131	0.910554590341991	-0.036277042514583	0.953076463320924	FALSE	None
PLPPR3/PLPPR4	0.174069224942076	0.135271937791307	0.330525181861556	-0.0387972871507691	0.569871003209579	FALSE	None
USP2/USP21	-0.167903419758562	-0.209890906155676	0.546368677913132	-0.041987486397114	0.750823764574072	FALSE	None
CANX/CLGN	0.412601584641239	0.368006612970292	0.894378126272837	-0.0445949716709472	0.948361797842323	FALSE	None
FAM161A/FAM161B	0.110844384036626	0.0650693869734364	0.798446530473077	-0.0457749970631894	0.899463162577989	FALSE	None
SAR1A/SAR1B	-2.64261370378644	-2.69068142639976	0.733659830252902	-0.048067722613319	0.871430361193896	FALSE	None
GOLGA7/GOLGA7B	0.3908241295343	0.340732796321899	0.657515059884209	-0.050091333212401	0.828658900151044	FALSE	None
SLC24A1/SLC24A2	-0.440197993725477	-0.492048145470576	0.975559196195001	-0.0518501517450988	0.989256595205539	FALSE	None
PSEN1/PSEN2	-0.0851189819996586	-0.1397063804434	0.975559196195001	-0.0545873984437417	0.989256595205539	FALSE	None
KMT2A/KMT2B	-2.02790017173291	-2.08317979630887	0.796549199082529	-0.0552796245759644	0.899463162577989	FALSE	None
MTSS1/MTSS1L	0.320640122890768	0.261226667074295	0.650084599739936	-0.0594134558164726	0.826917788318902	FALSE	None
MCTP1/MCTP2	-0.155885897194637	-0.218595864311451	0.943010333587574	-0.0627099671168138	0.969868222835321	FALSE	None
SLC25A28/SLC25A37	-3.00239985238965	-3.06614599644015	0.926767514801739	-0.0637461440504965	0.957708878570955	FALSE	None
CCNB1/CCNB2	-1.05810085874921	-1.12410793318472	0.910554590341991	-0.0660070744355117	0.953076463320924	FALSE	None
FNDC3A/FNDC3B	-0.143609316016326	-0.213598827439897	0.364253814326536	-0.0699895114235707	0.596385338318007	FALSE	None
NCOA1/NCOA3	-0.635934540320996	-0.7077430517384	0.627968531257694	-0.0718085114174036	0.815404974722012	FALSE	None
CHD3/CHD5	-0.0461945602615962	-0.119451472292505	0.660377400428063	-0.0732569120309092	0.828658900151044	FALSE	None
BAG3/BAG4	0.0420703185721872	-0.0324485464774094	0.620681236033931	-0.0745188650495965	0.808502612068247	FALSE	None
PTPRG/PTPRZ1	-0.34689657736435	-0.422520956393266	0.814269220991486	-0.0756243790289163	0.906292797336414	FALSE	None
DDHD2/SEC23IP	-0.0149469371810824	-0.0907116260117297	0.798446530473077	-0.0757646888306473	0.899463162577989	FALSE	None
MIEF1/MIEF2	-0.62646965749994	-0.702763566589092	0.645619885743913	-0.076293909089152	0.824465472953916	FALSE	None
CTPS1/CTPS2	-2.50317013871044	-2.57988278385511	0.782704652224925	-0.0767126451446725	0.894126579870301	FALSE	None
CDC34/UBE2R2	-0.044609476762557	-0.122532933032552	0.645619885743913	-0.0779234562699948	0.824465472953916	FALSE	None
TIMP3/TIMP4	0.328417402612556	0.250025077276019	0.384241116403253	-0.0783923253365366	0.618209716985432	FALSE	None
LPP/TRIP6	-0.112583851848089	-0.191419212025397	1	-0.0788353601773078	1	FALSE	None
RBL1/RBL2	0.0433145583654326	-0.0366129715620463	0.798446530473077	-0.0799275299274789	0.899463162577989	FALSE	None
RAB39A/RAB39B	0.326127855454306	0.245326562382856	0.310444457705876	-0.080801293071449	0.554365103046208	FALSE	None
DOK1/DOK3	-0.39733660919237	-0.481182064893296	0.79659240958089	-0.0838454557009261	0.899463162577989	FALSE	None
ENO2/ENO3	-0.495638042578077	-0.582820847559993	0.736023489685306	-0.0871828049819158	0.871430361193896	FALSE	None
PITPNA/PITPNB	-2.15690763460051	-2.24428762748115	0.741444314094811	-0.0873799928806447	0.87467804090731	FALSE	None
PARP1/PARP2	-0.522282389568747	-0.610970589959914	0.705414168897006	-0.0886882003911669	0.858650205586243	FALSE	None
SERP1/SERP2	-0.716603152911055	-0.809870346583305	0.878244652881427	-0.0932671936722494	0.946698216207177	FALSE	None
STAM/STAM2	0.0379497927354349	-0.0561478699346188	0.418845831769773	-0.0940976626700537	0.640587742706711	FALSE	None
PPA1/PPA2	-3.22244858891584	-3.31728719102827	0.893334589015682	-0.0948386021124272	0.948361797842323	FALSE	None
PHF20/PHF20L1	-0.538863565117076	-0.634824511487716	0.675265661581359	-0.0959609463706401	0.836043200053112	FALSE	None
AP1B1/AP2B1	-1.89962260478563	-1.99568175826118	0.95927643725843	-0.0960591534755475	0.978853507406561	FALSE	None
CASKIN1/CASKIN2	-0.727527010011204	-0.823591653188349	0.917860546664997	-0.0960646431771455	0.957662594269124	FALSE	None
CC2D1A/CC2D1B	-0.586454764674444	-0.682698142785125	1	-0.0962433781106812	1	FALSE	None
ORMDL1/ORMDL3	0.489718124464075	0.39187655162473	0.910554590341991	-0.0978415728393452	0.953076463320924	FALSE	None
MAT1A/MAT2A	-3.31920097039424	-3.41811443396994	0.570665793415711	-0.0989134635757019	0.772776595250442	FALSE	None
ADAMTS10/ADAMTS6	0.217455161494162	0.118129242745149	0.814269220991486	-0.0993259187490127	0.906292797336414	FALSE	None
TAF4/TAF4B	-1.57823535120217	-1.67876478477509	0.767049595269156	-0.100529433572921	0.88715700520454	FALSE	None
WASF1/WASF2	0.165745955186652	0.0625978349323634	0.862160641566881	-0.103148120254288	0.935566639429837	FALSE	None
ATP8A1/ATP8A2	0.0605008674293076	-0.0440947421827123	0.255039588028929	-0.10459560961202	0.49485293199643	FALSE	None
PDP1/PDP2	-0.573567811441559	-0.68177816876652	0.606199965555212	-0.108210357324962	0.802505046050688	FALSE	None
AP3B1/AP3B2	-0.677242502977306	-0.785516585703145	0.736023489685306	-0.108274082725839	0.871430361193896	FALSE	None
LDHA/LDHC	-0.269252531539255	-0.378913530232991	0.894378126272837	-0.109660998693735	0.948361797842323	FALSE	None
H2AFY/H2AFY2	-0.0108605926486792	-0.120639720047491	0.901535968059336	-0.109779127398812	0.951296070192481	FALSE	None
ZNF608/ZNF609	-0.970773173697511	-1.08095902958502	0.798446530473077	-0.110185855887508	0.899463162577989	FALSE	None
RAB22A/RAB31	0.504765215797084	0.393084988374737	0.630998003515649	-0.111680227422347	0.815404974722012	FALSE	None
DST/MACF1	0.198516093956061	0.0834318371977512	0.467672657759921	-0.11508425675831	0.678542918624886	FALSE	None
SYCP2/SYCP2L	0.358177516459733	0.239486865693627	0.733659830252902	-0.118690650766106	0.871430361193896	FALSE	None
EIF4A1/EIF4A2	-2.53812307045989	-2.65840969012293	0.830166612296523	-0.120286619663036	0.914590335580915	FALSE	None
AP2A1/AP2A2	-2.16134153814552	-2.28491084154524	0.457840031591804	-0.123569303399719	0.670261307510523	FALSE	None
SREK1/SRSF11	-1.84155323390949	-1.96790391447336	0.749228611779123	-0.126350680563869	0.881708896212302	FALSE	None
RHOBTB1/RHOBTB2	0.153066658801324	0.0226298131284408	0.672495314557806	-0.130436845672884	0.836043200053112	FALSE	None
ATG16L1/ATG16L2	0.431247984907863	0.300765592708651	0.846132512586467	-0.130482392199212	0.925902581113137	FALSE	None
ATP6V1C1/ATP6V1C2	-2.29288147869201	-2.42354865329096	0.772812003447711	-0.130667174598945	0.889089553779584	FALSE	None
SMTN/SMTNL2	-0.284291086539782	-0.415954639833792	0.496208810936624	-0.13166355329401	0.702692215923324	FALSE	None
CCNA1/CCNA2	-2.31447082954118	-2.45034055305441	0.606199965555212	-0.135869723513231	0.802505046050688	FALSE	None
LIMCH1/LMO7	-0.028945894746544	-0.166180301766794	0.330525181861556	-0.13723440702025	0.569871003209579	FALSE	None
EMX1/EMX2	-0.0929296653644227	-0.23058132503747	0.757090911287619	-0.137651659673047	0.881915936087728	FALSE	None
MEIS1/MEIS2	0.988207469340469	0.849117655479687	0.767049595269156	-0.139089813860782	0.88715700520454	FALSE	None
PPFIA1/PPFIA3	-0.212089441647961	-0.353655442195932	0.75148727461787	-0.141566000547972	0.881708896212302	FALSE	None
ANXA5/ANXA6	0.159080493168323	0.0129820523954422	0.493199173554005	-0.146098440772881	0.701486789518825	FALSE	None
SMAD6/SMAD7	0.141356849243728	-0.00572868216327778	0.804565751512813	-0.147085531407005	0.903225800489341	FALSE	None
HNRNPL/HNRNPLL	-2.42756596826406	-2.57518940976034	0.772764011255206	-0.147623441496282	0.889089553779584	FALSE	None
PHLDB1/PHLDB3	0.0552007716069742	-0.0925427059583065	0.720663932954535	-0.147743477565281	0.869075243822723	FALSE	None
ARF4/ARF5	-1.17493671804205	-1.33025798833418	0.599006551348583	-0.155321270292128	0.799495397077164	FALSE	None
TBC1D10A/TBC1D10B	-1.11513066135944	-1.27116264424798	0.549849174280813	-0.156031982888537	0.754012580764828	FALSE	None
NT5C2/NT5DC4	-0.447540711417614	-0.604631423774476	0.99185195319931	-0.157090712356862	1	FALSE	None
EHBP1/EHBP1L1	-0.673179594904266	-0.831345318437061	0.926767514801739	-0.158165723532795	0.957708878570955	FALSE	None
ELOVL1/ELOVL7	-0.0909461055428304	-0.249486568775615	0.415245542345866	-0.158540463232784	0.640587742706711	FALSE	None
UBR1/UBR2	-0.812764347221926	-0.971754471397012	0.630998003515649	-0.158990124175086	0.815404974722012	FALSE	None
RAD9A/RAD9B	-2.13512213046686	-2.30073551347165	0.695202080711529	-0.165613383004792	0.852606325400932	FALSE	None
PAPD5/PAPD7	0.507879055844381	0.340285406604535	0.455184044167307	-0.167593649239846	0.667877265708238	FALSE	None
NPR1/NPR2	-0.322964380165784	-0.492804706286475	0.620681236033931	-0.169840326120691	0.808502612068247	FALSE	None
DOPEY1/DOPEY2	0.357216150869522	0.187072516933483	0.602179893814338	-0.17014363393604	0.8004436216346	FALSE	None
CEP85/CEP85L	-1.70566734132994	-1.87600835448356	0.767049595269156	-0.170341013153619	0.88715700520454	FALSE	None
HOXA7/HOXB7	-0.334640822296418	-0.506079923312525	0.480345250423796	-0.171439101016106	0.693832028389928	FALSE	None
RBM23/RBM39	-3.27124962247831	-3.44315070539415	0.868974130605417	-0.171901082915841	0.939822271037473	FALSE	None
HEATR5A/HEATR5B	-0.901450289799493	-1.07462773258945	0.635311033881746	-0.173177442789957	0.816111011903429	FALSE	None
ATP6V0A1/ATP6V0A4	-0.213018651216777	-0.387691986711339	0.830166612296523	-0.174673335494562	0.914590335580915	FALSE	None
TBC1D9/TBC1D9B	0.277702114383384	0.102327825703382	0.467672657759921	-0.175374288680002	0.678542918624886	FALSE	None
STX1A/STX1B	-0.283288431692908	-0.459414293458811	0.613335052712133	-0.176125861765902	0.807121203483086	FALSE	None
ESRP1/ESRP2	-0.131000675979658	-0.310099994655184	0.274450337162207	-0.179099318675526	0.511153923081474	FALSE	None
NUCB1/NUCB2	-0.0534589749659001	-0.233324454942648	0.602179893814338	-0.179865479976748	0.8004436216346	FALSE	None
AUH/ECHDC2	-0.0088858579339605	-0.190822959445976	0.132253265996016	-0.181937101512015	0.342488537439881	FALSE	None
KLHL11/KLHL23	-0.0653788997130819	-0.249571549498432	0.560083049554513	-0.18419264978535	0.761619209645259	FALSE	None
THRA/THRB	-1.46633271036053	-1.65795992807428	0.664997004650641	-0.191627217713747	0.829650773556463	FALSE	None
PREX1/PREX2	-0.169149347460359	-0.363516831871792	0.53281963161271	-0.194367484411433	0.736878213932471	FALSE	None
SIX4/SIX5	-0.0296248440822443	-0.224194526146739	0.710515520801532	-0.194569682064495	0.861632627837679	FALSE	None
KCND2/KCND3	-0.0574546394952434	-0.252343464020226	0.272703911388575	-0.194888824524982	0.511153923081474	FALSE	None
KSR1/KSR2	0.145244391211568	-0.0513705091555759	0.430768442815985	-0.196614900367144	0.648146962570347	FALSE	None
NDE1/NDEL1	-1.17959750851164	-1.37624596544071	0.690279643084975	-0.196648456929078	0.849776075767488	FALSE	None
FSCN1/FSCN2	-0.631050968427664	-0.828654353900423	0.427203630392296	-0.197603385472759	0.648146962570347	FALSE	None
TIAM1/TIAM2	0.0765974504781314	-0.125319859862421	0.171858769786247	-0.201917310340552	0.394728623183959	FALSE	None
SERINC2/SERINC3	-0.0430553203637942	-0.245212622076171	0.82054274605396	-0.202157301712377	0.911714162282178	FALSE	None
RNF43/ZNRF3	-0.097955725085359	-0.300292588832788	0.291171026407298	-0.202336863747429	0.52866247811381	FALSE	None
GNPDA1/GNPDA2	-0.336766186722182	-0.540242515828871	0.255039588028929	-0.203476329106689	0.49485293199643	FALSE	None
DOCK3/DOCK4	0.0631645792027124	-0.14031707422212	0.34704305002559	-0.203481653424832	0.587442662803733	FALSE	None
GFOD1/GFOD2	-0.190236823947063	-0.394432991623977	0.353454493479359	-0.204196167676914	0.587584196321185	FALSE	None
TRIM35/TRIM72	0.22460011889906	0.0187075660281638	0.587992653723386	-0.205892552870896	0.791294461532507	FALSE	None
PRKAR2A/PRKAR2B	0.0678315114928227	-0.139118640341725	0.364253814326536	-0.206950151834547	0.596385338318007	FALSE	None
ATP6V0A2/TCIRG1	-0.359389745636665	-0.56682516630811	0.885230821336044	-0.207435420671444	0.948361797842323	FALSE	None
EGR2/EGR3	0.408470516372384	0.200816353091408	0.421288251491442	-0.207654163280976	0.641305300865192	FALSE	None
PGM2/PGM2L1	-0.119265046780068	-0.327068034626111	0.206792440630272	-0.207802987846042	0.435000279642967	FALSE	None
WSB1/WSB2	-0.320950641945344	-0.531041824566036	0.563692278893993	-0.210091182620692	0.764926892027339	FALSE	None
MLLT10/MLLT6	0.770426259824389	0.560296580773083	1	-0.210129679051307	1	FALSE	None
TWF1/TWF2	-0.358810376149232	-0.569075682343686	0.664997004650641	-0.210265306194454	0.829650773556463	FALSE	None
PXN/TGFB1I1	-0.747952508621473	-0.960318443651881	0.263771716716047	-0.212365935030408	0.505756978954072	FALSE	None
CCND1/CCND2	-0.0548904006637629	-0.267652177153412	0.171858769786247	-0.21276177648965	0.394728623183959	FALSE	None
TTC7A/TTC7B	-1.1955211221801	-1.40910395263958	0.733673739001774	-0.213582830459474	0.871430361193896	FALSE	None
BEGAIN/TJAP1	-0.394535538329426	-0.611561053479082	0.736023489685306	-0.217025515149656	0.871430361193896	FALSE	None
PLCD3/PLCD4	-0.0923526299724411	-0.310810893687274	0.502722997240889	-0.218458263714833	0.710369452622995	FALSE	None
SLC41A2/SLC41A3	-0.153590379102625	-0.376327731451886	0.0851519450404021	-0.222737352349261	0.267385334667929	FALSE	None
ARFGEF1/ARFGEF2	-1.42724609929896	-1.65103123025791	0.757090911287619	-0.223785130958951	0.881915936087728	FALSE	None
RPS6KA4/RPS6KA5	-0.455845518876594	-0.683738325855111	0.0969019321492445	-0.227892806978517	0.282065869665092	FALSE	None
CCNG1/CCNG2	0.438979966873234	0.210978253136389	0.320383948878672	-0.228001713736845	0.562836666949019	FALSE	None
TANC1/TANC2	-0.16250941253177	-0.394402608393901	0.395580535892945	-0.231893195862131	0.623172273792157	FALSE	None
HOXA2/HOXB2	-0.00853418628574062	-0.241093751816374	0.163952048231205	-0.232559565530634	0.388182571021341	FALSE	None
DHX32/DQX1	0.00380845649044054	-0.230683815682178	0.330525181861556	-0.234492272172619	0.569871003209579	FALSE	None
APC/CTNNB1	0.0722761240665701	-0.16463886746055	0.351411521948121	-0.23691499152712	0.587584196321185	FALSE	None
PSMA7/PSMA8	-3.6761114210074	-3.91584211478308	0.650084599739936	-0.239730693775687	0.826917788318902	FALSE	None
PPP6R2/PPP6R3	-0.969634873666611	-1.20979533217072	0.320383948878672	-0.240160458504106	0.562836666949019	FALSE	None
TTYH2/TTYH3	0.190956227888266	-0.0496721169780417	0.846132512586467	-0.240628344866308	0.925902581113137	FALSE	None
NDFIP1/NDFIP2	0.545620423484825	0.303345584526577	0.115306510260875	-0.242274838958249	0.314912738107432	FALSE	None
TOMM40/TOMM40L	-1.77777856279135	-2.02025347638373	0.705414168897006	-0.242474913592382	0.858650205586243	FALSE	None
DMRTA1/DMRTA2	-0.0816934753967319	-0.325054569902702	0.358815569371229	-0.243361094505971	0.593460865372262	FALSE	None
PTBP2/PTBP3	0.544317560052008	0.29915699143447	0.814269220991486	-0.245160568617537	0.906292797336414	FALSE	None
NAB1/NAB2	0.194722422927345	-0.0528580908328804	0.407115953422494	-0.247580513760226	0.633075047188089	FALSE	None
ENO1/ENO2	-3.8642018065251	-4.1121729067666	0.283607296305189	-0.247971100241497	0.52074786044738	FALSE	None
MYC/MYCN	-1.90097895855639	-2.15014300093297	0.975319083749262	-0.249164042376581	0.989256595205539	FALSE	None
CNKSR1/CNKSR3	0.123696895769484	-0.127753590037353	0.274450337162207	-0.251450485806837	0.511153923081474	FALSE	None
FARP1/FARP2	0.363302713546842	0.111848382337633	0.255039588028929	-0.251454331209209	0.49485293199643	FALSE	None
KIF5B/KIF5C	0.0570855851378523	-0.195828182256278	0.0459206839409298	-0.25291376739413	0.183119291788984	FALSE	None
ITCH/WWP2	0.19199908416754	-0.063922975637841	0.120214723009748	-0.255922059805381	0.322890784943538	FALSE	None
EPS15/EPS15L1	0.109302705949076	-0.147487202250794	0.154795697500174	-0.25678990819987	0.37543732602654	FALSE	None
PLEKHH1/PLEKHH2	-0.226198176528271	-0.484353016255453	0.291171026407298	-0.258154839727182	0.52866247811381	FALSE	None
TOB1/TOB2	-0.492440242677764	-0.754295238599678	0.433293603964274	-0.261854995921914	0.648942033587046	FALSE	None
OSBP/OSBP2	-2.06952098761051	-2.33291535257514	0.591871807852135	-0.263394364964624	0.79323025794616	FALSE	None
EPC1/EPC2	-0.477348244180141	-0.741901660750231	0.53281963161271	-0.264553416570089	0.736878213932471	FALSE	None
RALGPS1/RALGPS2	-0.08819450940363	-0.353052462488839	0.430768442815985	-0.264857953085209	0.648146962570347	FALSE	None
ERC1/ERC2	0.441973022933727	0.175864176945726	0.272703911388575	-0.266108845988001	0.511153923081474	FALSE	None
ATG4C/ATG4D	-0.170630335509078	-0.437835610250986	0.862160641566881	-0.267205274741908	0.935566639429837	FALSE	None
MAB21L1/MAB21L2	0.299545315027308	0.0313928057768262	0.0930466180219924	-0.268152509250481	0.28000139682544	FALSE	None
MARCH2/MARCH3	0.00486543740152496	-0.263581064459877	0.317258521222249	-0.268446501861402	0.562836666949019	FALSE	None
SPTLC2/SPTLC3	-0.537751184342578	-0.808347542684665	0.216008118627792	-0.270596358342087	0.448579160089663	FALSE	None
PLCB1/PLCB3	-0.292390329366379	-0.565793270588425	0.725930771141294	-0.273402941222047	0.871430361193896	FALSE	None
SPATA6/SPATA6L	0.543066693240737	0.268377121859671	0.115306510260875	-0.274689571381065	0.314912738107432	FALSE	None
NOVA1/NOVA2	0.122036847407764	-0.158701036877935	0.178473760650817	-0.280737884285699	0.401411572398032	FALSE	None
RABGAP1/RABGAP1L	-0.839070943955777	-1.12492214703193	0.418845831769773	-0.285851203076149	0.640587742706711	FALSE	None
MACROD1/MACROD2	0.018444697904287	-0.26807489041421	0.214346278801561	-0.286519588318497	0.447990614858568	FALSE	None
NAV1/NAV3	0.0328066694271681	-0.261624607273875	0.0743157352487539	-0.294431276701043	0.246480708685067	FALSE	None
MTMR3/MTMR4	-0.432763434508198	-0.727298607533917	0.141463386183846	-0.294535173025719	0.357786774394942	FALSE	None
MIER1/MIER3	0.206611273767127	-0.0939987722082611	0.101506067185558	-0.300610045975388	0.290656139518118	FALSE	None
SMURF1/SMURF2	0.77629431966197	0.474541394817829	0.222093193036212	-0.30175292484414	0.458287541185835	FALSE	None
POC1A/POC1B	-1.89830563539619	-2.20063005608312	0.53281963161271	-0.302324420686931	0.736878213932471	FALSE	None
BTBD10/KCTD20	0.520714696008366	0.218235798995958	0.255039588028929	-0.302478897012408	0.49485293199643	FALSE	None
FAM117A/FAM117B	0.319494543210876	0.0149009703749257	0.147193088330826	-0.304593572835951	0.370835300058282	FALSE	None
KLHL26/KLHL9	0.31737101197646	0.0125750926886777	0.635311033881746	-0.304795919287782	0.816111011903429	FALSE	None
NUMB/NUMBL	0.227291864195628	-0.0789158738130527	0.283581160314199	-0.306207738008681	0.52074786044738	FALSE	None
UBA1/UBA7	-2.91810238711482	-3.22601652887997	0.515866202661022	-0.307914141765153	0.724218211079189	FALSE	None
AHSA1/AHSA2	0.234978841394738	-0.0746384791973045	0.23817210115098	-0.309617320592043	0.483787080462928	FALSE	None
PLK2/PLK3	-0.563535471203737	-0.873855648056812	0.386463342056799	-0.310320176853075	0.618722099352017	FALSE	None
TCP11L1/TCP11L2	-0.0588528553315826	-0.372101124496448	0.153095027379765	-0.313248269164866	0.372703250175457	FALSE	None
FBXO25/FBXO32	0.285197857494513	-0.0322853280144754	0.105955088624419	-0.317483185508989	0.300745884741801	FALSE	None
RHBDF1/RHBDF2	-0.496168212379083	-0.814916782937594	0.464121487634407	-0.318748570558511	0.677930262836774	FALSE	None
PARVA/PARVB	-0.803968332451664	-1.123712483265	0.263771716716047	-0.319744150813339	0.505756978954072	FALSE	None
CD151/TSPAN11	-0.385361852048972	-0.706573095020825	0.445445095500846	-0.321211242971853	0.66263483913131	FALSE	None
SENP3/SENP5	0.00695387710207293	-0.314609623658671	0.230034676422471	-0.321563500760744	0.473172593906982	FALSE	None
DVL1/DVL3	0.0259149662232554	-0.296012037826428	0.312308289276777	-0.321927004049683	0.556165446657275	FALSE	None
RBM26/RBM27	-1.3080676787728	-1.63403110629776	0.320383948878672	-0.325963427524956	0.562836666949019	FALSE	None
RAC1/RAC2	-1.35437576399412	-1.682571039276	0.467672657759921	-0.328195275281887	0.678542918624886	FALSE	None
CCNT1/CCNT2	-0.967052401611315	-1.29540236181439	0.342859832066028	-0.328349960203079	0.581876999589866	FALSE	None
USP12/USP46	-1.32516114802842	-1.65536304830206	0.37309905534244	-0.330201900273643	0.607805478628035	FALSE	None
ARAP2/ARAP3	0.0597295447430111	-0.270835868526901	0.0777977717618994	-0.330565413269912	0.251875566670287	FALSE	None
TRA2A/TRA2B	-2.31840631592855	-2.64954381865495	0.247943372474423	-0.3311375027264	0.493364394679801	FALSE	None
LYPLA1/LYPLA2	-0.125739446868773	-0.457857864065001	0.178473760650817	-0.332118417196227	0.401411572398032	FALSE	None
PRKCE/PRKCH	-0.137892507743591	-0.473111972267994	0.165425495650633	-0.335219464524403	0.388182571021341	FALSE	None
GPSM1/GPSM2	-0.289835462672793	-0.626935420649547	0.252435888871014	-0.337099957976754	0.49485293199643	FALSE	None
MDM2/TP53	0.389036787744725	0.0511117718060703	0.0930466180219924	-0.337925015938654	0.28000139682544	FALSE	None
RHOU/RHOV	0.0203155317204719	-0.318376284266446	0.178473760650817	-0.338691815986918	0.401411572398032	FALSE	None
FGF1/FGF2	0.311243586634356	-0.029982538885034	0.292968963675547	-0.34122612551939	0.528971739969737	FALSE	None
RBM12/RBM12B	-1.98801086016437	-2.33197340340212	0.392129423218348	-0.343962543237758	0.623172273792157	FALSE	None
HERC3/HERC4	0.0794832413993718	-0.266006098596222	0.02867113087527	-0.345489339995594	0.135045181658881	FALSE	None
FAM160B1/FAM160B2	0.228658794056816	-0.117152193796363	0.0135833152878134	-0.345810987853178	0.0810014214410891	FALSE	None
HSPA12A/HSPA12B	-0.496232909624039	-0.842232920905409	0.445469799141079	-0.346000011281369	0.66263483913131	FALSE	None
KIF16B/STARD9	-0.00383230757867159	-0.352477801421025	0.351411521948121	-0.348645493842353	0.587584196321185	FALSE	None
GALNT10/GALNTL6	-0.0228260390638353	-0.372836387829337	0.353454493479359	-0.350010348765501	0.587584196321185	FALSE	None
CCNJ/CCNJL	0.668532322313797	0.317776774006562	0.165425495650633	-0.350755548307235	0.388182571021341	FALSE	None
MGRN1/RNF157	-0.35049734630675	-0.701327630495601	0.252281342594597	-0.350830284188851	0.49485293199643	FALSE	None
DYRK2/DYRK3	0.450764715128911	0.0980352311873548	0.0972042381615088	-0.352729483941556	0.282065869665092	FALSE	None
BCOR/BCORL1	0.808799403608942	0.455566981349405	0.0930466180219924	-0.353232422259537	0.28000139682544	FALSE	None
FBN1/FBN2	0.241162923065929	-0.112137639962339	0.0587336764205707	-0.353300563028268	0.212093831518728	FALSE	None
TBC1D15/TBC1D17	0.0485510844484663	-0.305027550456602	0.0118807756137125	-0.353578634905068	0.07497576843605	FALSE	None
CASP3/CASP7	0.670954526683467	0.314416479256201	0.02867113087527	-0.356538047427266	0.135045181658881	FALSE	None
PEX5/PEX5L	0.47349660328427	0.113766767849333	0.0302666613325909	-0.359729835434937	0.135245958773244	FALSE	None
PPP3CA/PPP3CB	-0.136090715976413	-0.496419350725501	0.159171691223494	-0.360328634749088	0.381777119170742	FALSE	None
TARS/TARSL2	-2.54092659040682	-2.90772504984305	0.380821966308307	-0.36679845943623	0.617292464090772	FALSE	None
ENTPD5/ENTPD6	0.0740404776184318	-0.299130549375909	0.206792440630272	-0.373171026994341	0.435000279642967	FALSE	None
ADSS/ADSSL1	-2.45131756225433	-2.82582288285502	0.274450337162207	-0.374505320600686	0.511153923081474	FALSE	None
DCHS1/DCHS2	0.110452628643977	-0.264781973826265	0.33247036986792	-0.375234602470242	0.571708307973936	FALSE	None
CLIP1/CLIP2	-0.239275461642569	-0.614572273496204	0.351411521948121	-0.375296811853635	0.587584196321185	FALSE	None
KCTD2/KCTD5	0.664053210069578	0.283627739324482	0.180143351621342	-0.380425470745096	0.40376958122025	FALSE	None
ATRN/ATRNL1	-0.149627858903463	-0.530712633530324	0.171858769786247	-0.381084774626861	0.394728623183959	FALSE	None
TTC39A/TTC39B	0.0785717651765242	-0.303212829817053	0.165425495650633	-0.381784594993577	0.388182571021341	FALSE	None
GPC1/GPC6	0.194237495668928	-0.1882393135432	0.173534548515207	-0.382476809212127	0.395780549245208	FALSE	None
SULF1/SULF2	-0.487306126986737	-0.877349387925455	0.159171691223494	-0.390043260938719	0.381777119170742	FALSE	None
ALMS1/C10orf90	0.0449188388588335	-0.349723952081411	0.0677264535477586	-0.394642790940244	0.230142114122919	FALSE	None
ARHGEF37/DNMBP	-0.0222847316707007	-0.416967555803336	0.300706829728931	-0.394682824132635	0.541438890093643	FALSE	None
AJUBA/WTIP	-0.463789905732663	-0.859498476316844	0.183505165959948	-0.395708570584181	0.408227802968122	FALSE	None
ATG4A/ATG4B	0.637920980156498	0.24189095655374	0.00457746295038224	-0.396030023602758	0.0381455245865187	FALSE	None
DIP2A/DIP2C	0.0517624198676981	-0.344293765919493	0.119421484239315	-0.396056185787191	0.322890784943538	FALSE	None
VPS37B/VPS37C	0.181939188570888	-0.215434666720386	0.248200241631223	-0.397373855291274	0.493364394679801	FALSE	None
DACH1/DACH2	0.709430325521789	0.30851961329068	0.0664762277593267	-0.400910712231108	0.22983802150831	FALSE	None
NBEAL1/NBEAL2	0.282927926078769	-0.119360533843815	0.076172676334695	-0.402288459922584	0.248805224208803	FALSE	None
BRMS1/BRMS1L	-0.97470131407348	-1.37857363634009	0.418845831769773	-0.403872322266613	0.640587742706711	FALSE	None
UBALD1/UBALD2	-1.13446530740986	-1.53850726870943	0.186937346660265	-0.404041961299573	0.4105043085445	FALSE	None
CLOCK/NPAS2	-0.275608670354592	-0.684035861054012	0.178473760650817	-0.40842719069942	0.401411572398032	FALSE	None
HEXA/HEXB	-0.425260669933824	-0.83867451968557	0.519439475094657	-0.413413849751746	0.724540040368084	FALSE	None
DNAH11/DNAH17	0.0600018468224856	-0.3588027222525	0.153095027379765	-0.418804569074986	0.372703250175457	FALSE	None
APBB2/APBB3	0.0756274993125065	-0.344337370239185	0.192257400605712	-0.419964869551692	0.416557701312377	FALSE	None
GLIS1/GLIS3	0.289296815969092	-0.137143673520463	0.255039588028929	-0.426440489489554	0.49485293199643	FALSE	None
GPATCH2/GPATCH2L	0.0795292436337212	-0.348804136900331	0.0271471427377032	-0.428333380534052	0.132674005860956	FALSE	None
BTBD3/BTBD6	0.403553478755239	-0.0286210435445383	0.204734583819298	-0.432174522299778	0.435000279642967	FALSE	None
ST8SIA2/ST8SIA4	0.30627670171811	-0.126710573958628	0.171858769786247	-0.432987275676738	0.394728623183959	FALSE	None
PPP1R3B/PPP1R3C	0.12184571432505	-0.311273199257923	0.0532971859384616	-0.433118913582974	0.202591642456141	FALSE	None
TOP1/TOP1MT	-2.41494402588468	-2.84948172727551	0.386437562266678	-0.434537701390826	0.618722099352017	FALSE	None
CRABP1/CRABP2	-0.551246237107336	-0.988531764295219	0.483248591219266	-0.437285527187883	0.694937133390538	FALSE	None
PLOD1/PLOD2	0.199418531150568	-0.238592271153167	0.00165887830790929	-0.438010802303735	0.0183078111132733	FALSE	None
EN1/EN2	0.388294357129134	-0.0502089301683405	0.192257400605712	-0.438503287297475	0.416557701312377	FALSE	None
TMUB1/TMUB2	0.330240294354841	-0.111909672179561	0.159171691223494	-0.442149966534403	0.381777119170742	FALSE	None
DHX58/IFIH1	-0.165882256297104	-0.60840964066232	0.269831399389465	-0.442527384365217	0.511153923081474	FALSE	None
AK1/AK5	-0.0947497048578303	-0.537974986159982	0.206792440630272	-0.443225281302152	0.435000279642967	FALSE	None
PAFAH1B2/PAFAH1B3	0.696689892628276	0.252719281292922	0.173534548515207	-0.443970611335354	0.395780549245208	FALSE	None
ACBD3/TMED8	0.280779764301089	-0.163646096008123	0.0125940922489078	-0.444425860309212	0.0779634282075242	FALSE	None
ARHGAP22/ARHGAP24	-0.0412669047270187	-0.486944223738914	0.0414876722631996	-0.445677319011895	0.171764248223438	FALSE	None
ZDHHC14/ZDHHC18	0.269299902559095	-0.178908094584282	0.455184044167307	-0.448207997143377	0.667877265708238	FALSE	None
UNC5B/UNC5C	-0.110201749552516	-0.558917368047864	0.120214723009748	-0.448715618495347	0.322890784943538	FALSE	None
CBFB/RUNX1	0.0653734629035844	-0.383441137050189	0.0355081424433434	-0.448814599953773	0.150851585543616	FALSE	None
IFRD1/IFRD2	-1.05728160888851	-1.50626994829675	0.239828368610645	-0.448988339408235	0.485633768214702	FALSE	None
SLC35D1/SLC35D2	-0.158938831679027	-0.608310945555513	0.141463386183846	-0.449372113876486	0.357786774394942	FALSE	None
UAP1/UAP1L1	-1.04410311318758	-1.49751485631139	0.418845831769773	-0.453411743123812	0.640587742706711	FALSE	None
TPST1/TPST2	-0.29366806323695	-0.747115673626224	0.353454493479359	-0.453447610389274	0.587584196321185	FALSE	None
P4HA1/P4HA2	-0.0686542775957253	-0.522804695578125	0.0559615691465394	-0.4541504179824	0.203212401928774	FALSE	None
LRBA/NBEA	-0.0778980956615802	-0.53369864374944	0.199430058451145	-0.45580054808786	0.427820257403447	FALSE	None
MDM4/TP53	0.242927741907673	-0.215209216787784	0.0507375437531646	-0.458136958695457	0.197481457721898	FALSE	None
CSAD/GADL1	-0.0583832354393088	-0.518922790055314	0.135903356645343	-0.460539554616005	0.34915882142084	FALSE	None
ANO4/ANO5	0.40085022990753	-0.0603036359885341	0.0532971859384616	-0.461153865896064	0.202591642456141	FALSE	None
NAA15/NAA16	-2.22580173247469	-2.68808035208347	0.397871528651915	-0.462278619608777	0.623172273792157	FALSE	None
EEF1A1/EEF1A2	-3.05632569734344	-3.52061948247494	0.265315749958443	-0.464293785131499	0.507221286685259	FALSE	None
SGSM1/SGSM2	-0.188350259208266	-0.656234302721541	0.0144285737867041	-0.467884043513275	0.0852597541941607	FALSE	None
ENO1/ENO3	-3.14826022994133	-3.616575749699	0.278964121630858	-0.468315519757677	0.51807622588588	FALSE	None
PI4K2A/PI4K2B	0.19020224649661	-0.281054787415914	0.02867113087527	-0.471257033912523	0.135045181658881	FALSE	None
PTCH1/PTCH2	-0.442732893391436	-0.917458141786995	0.322286463445943	-0.47472524839556	0.564652833530629	FALSE	None
TET1/TET2	0.118292094263401	-0.359946940120802	0.0551516343142924	-0.478239034384202	0.203212401928774	FALSE	None
FAM160A1/FAM160A2	0.456124031939257	-0.025429720891608	0.0869929823209982	-0.481553752830865	0.269263992898328	FALSE	None
STX12/STX7	-0.214683918985559	-0.69793918963092	0.0302666613325909	-0.483255270645362	0.135245958773244	FALSE	None
ENOX1/ENOX2	0.402469124752991	-0.0827893770582212	0.0459206839409298	-0.485258501811212	0.183119291788984	FALSE	None
ETS1/ETS2	0.342998266623487	-0.143913666372046	0.135903356645343	-0.486911932995533	0.34915882142084	FALSE	None
LHX2/LHX9	-0.0858329896809921	-0.572957137645753	0.193918754109226	-0.487124147964761	0.417374801890718	FALSE	None
FUCA1/FUCA2	0.32108981264739	-0.169476662280616	0.0112993840580768	-0.490566474928006	0.07200587880147	FALSE	None
HSP90AA1/HSP90AB1	-1.54364214040193	-2.0370380640804	0.340867860214887	-0.493395923678476	0.581533094854794	FALSE	None
PTGS1/PTGS2	0.277939293881537	-0.218141862867007	0.0172422873137515	-0.496081156748544	0.0974564065559865	FALSE	None
CCNE1/CCNE2	-0.3286096794181	-0.827140631595903	0.0677264535477586	-0.498530952177803	0.230142114122919	FALSE	None
ABHD12/ABHD12B	0.0458321555040793	-0.452858368851946	0.0551516343142924	-0.498690524356026	0.203212401928774	FALSE	None
PACS1/PACS2	-0.26250742899125	-0.761378205044424	0.115306510260875	-0.498870776053174	0.314912738107432	FALSE	None
TSPAN13/TSPAN31	-0.0798813432025132	-0.580999009770083	0.115306510260875	-0.501117666567569	0.314912738107432	FALSE	None
GNAL/GNAS	0.0774147320449863	-0.4250191584017	0.000781201946400821	-0.502433890446686	0.011540483299103	FALSE	None
TMC5/TMC6	-0.114170400172676	-0.617039476214209	0.455184044167307	-0.502869076041532	0.667877265708238	FALSE	None
RPS6KC1/SNX15	-0.360313084954253	-0.866426839650786	0.100954866817437	-0.506113754696533	0.290356917837762	FALSE	None
TMEM50A/TMEM50B	-0.182261686793747	-0.688973844605227	0.0374157037255554	-0.50671215781148	0.156904564010394	FALSE	None
TRAF3/TRAF5	0.197237515295231	-0.312650943776805	0.0243038774622728	-0.509888459072036	0.123418127738104	FALSE	None
CERS5/CERS6	0.459790376957712	-0.0544568119447561	0.0374157037255554	-0.514247188902468	0.156904564010394	FALSE	None
ACSL1/ACSL6	0.220734949543944	-0.302203800671772	0.0055303422025576	-0.522938750215717	0.0417990980425866	FALSE	None
RC3H1/RC3H2	-0.0312886555105146	-0.555313087010821	0.0930466180219924	-0.524024431500307	0.28000139682544	FALSE	None
TNPO1/TNPO2	-2.99961332121331	-3.52782691484456	0.160863167838586	-0.528213593631247	0.383007542472823	FALSE	None
ICA1/ICA1L	0.461597161924268	-0.0689447879276984	0.0634793489995475	-0.530541949851967	0.225473097539376	FALSE	None
STOX1/STOX2	0.353523845755299	-0.177937151811537	0.00487246357968348	-0.531460997566837	0.0396641528076275	FALSE	None
CLCN3/CLCN4	0.779350275891476	0.244662277883362	0.00935686782804674	-0.534687998008113	0.062700660703406	FALSE	None
KIF1B/KIF1C	-0.0948529699122043	-0.630955821668082	0.272703911388575	-0.536102851755877	0.511153923081474	FALSE	None
AHNAK/AHNAK2	-0.115600068910978	-0.651858625067254	0.06795053988198	-0.536258556156275	0.230142114122919	FALSE	None
MAN1A1/MAN1C1	0.254544275108547	-0.281734040844167	0.0205148696492044	-0.536278315952714	0.108411912780348	FALSE	None
MYB/MYBL1	0.0310835728404014	-0.50532460818111	0.00781389443460977	-0.536408181021512	0.0552068628532212	FALSE	None
PRPSAP1/PRPSAP2	0.0372332641937784	-0.501091959041831	0.0167593718177212	-0.538325223235609	0.097264211442132	FALSE	None
USP31/USP43	0.0880428713486794	-0.450668779436346	0.0172422873137515	-0.538711650785026	0.0974564065559865	FALSE	None
MET/MST1R	0.360476009737509	-0.181165642335562	0.53281963161271	-0.541641652073071	0.736878213932471	FALSE	None
FER/FES	0.210296055133306	-0.331659875100971	0.0851519450404021	-0.541955930234277	0.267385334667929	FALSE	None
FUNDC1/FUNDC2	0.840513282574926	0.297647346699649	0.00516614058182896	-0.542865935875277	0.0404577274480581	FALSE	None
PWWP2A/PWWP2B	0.391444101720647	-0.152683640358166	0.0055303422025576	-0.544127742078812	0.0417990980425866	FALSE	None
MOB1A/MOB1B	-0.910541620866407	-1.45470499336535	0.125281743741575	-0.544163372498942	0.328359409000095	FALSE	None
ZFYVE16/ZFYVE9	0.152074402939032	-0.397017385609638	0.0243038774622728	-0.54909178854867	0.123418127738104	FALSE	None
RAB4A/RAB4B	0.217364237420296	-0.332058609555907	0.125281743741575	-0.549422846976202	0.328359409000095	FALSE	None
NKTR/PPIG	-0.0786336559052308	-0.628670713747025	0.00173877763492192	-0.550037057841794	0.0185279584049057	FALSE	None
DAB1/DAB2	0.375650951798832	-0.175472089852421	0.0271471427377032	-0.551123041651253	0.132674005860956	FALSE	None
SLC25A14/SLC25A30	0.333533398720049	-0.219581918337902	0.0271471427377032	-0.553115317057951	0.132674005860956	FALSE	None
QSOX1/QSOX2	-0.344139064055011	-0.899955184185822	0.0605949824575299	-0.555816120130811	0.217606290593339	FALSE	None
SPARC/SPARCL1	0.342171047918655	-0.216217351287174	0.0243038774622728	-0.558388399205828	0.123418127738104	FALSE	None
UBTD1/UBTD2	0.303045505903105	-0.257270627721214	0.129613766041054	-0.560316133624319	0.338349188460583	FALSE	None
RABEP1/RABEP2	-0.109679331459846	-0.672752934941033	0.112341449836199	-0.563073603481187	0.31339889439283	FALSE	None
ESYT2/ESYT3	0.368240543950518	-0.198631411044481	0.0646130897960012	-0.566871954994999	0.22699766211883	FALSE	None
RAD23A/RAD23B	-0.97549121764029	-1.54299047839611	0.0454829278250932	-0.567499260755823	0.183119291788984	FALSE	None
ANK2/ANK3	-0.538656243974315	-1.10786849010295	0.0273586150162755	-0.56921224612863	0.132709699705814	FALSE	None
NLGN1/NLGN4X	0.48404832147733	-0.0872516740938904	0.183410006665745	-0.571299995571221	0.408227802968122	FALSE	None
TMC7/TMC8	0.192911220092807	-0.382003636319418	0.0990213026216419	-0.574914856412225	0.286061540906965	FALSE	None
SESN1/SESN2	0.117959885156398	-0.458123358882376	0.153095027379765	-0.576083244038775	0.372703250175457	FALSE	None
ROR1/ROR2	-0.096747756276415	-0.678491348986025	0.0851519450404021	-0.58174359270961	0.267385334667929	FALSE	None
MAPK1/MAPK3	-0.871416762906428	-1.45393463588797	0.248200241631223	-0.582517872981537	0.493364394679801	FALSE	None
BACH1/BACH2	0.0834012871604183	-0.500237213354629	0.0193695590781322	-0.583638500515047	0.103198470498246	FALSE	None
PRKCI/PRKCZ	0.179237137693591	-0.405964383217718	0.0172422873137515	-0.585201520911309	0.0974564065559865	FALSE	None
SORBS1/SORBS2	0.672468158548485	0.0836634397600984	0.0709596503403823	-0.588804718788386	0.238983278348438	FALSE	None
CLTC/CLTCL1	-2.40128620810761	-2.9912877099504	0.330525181861556	-0.590001501842784	0.569871003209579	FALSE	None
CAMKK1/CAMKK2	0.258891843043046	-0.332775678062871	0.0559615691465394	-0.591667521105917	0.203212401928774	FALSE	None
CDKL2/CDKL3	-0.0647423605022399	-0.65720763607356	0.0162561154210267	-0.59246527557132	0.095193468681688	FALSE	None
TMEM184A/TMEM184B	0.00537012975765231	-0.588352656726436	0.0551516343142924	-0.593722786484088	0.203212401928774	FALSE	None
NID1/NID2	0.00156650142898804	-0.593801370606937	0.0743234136958047	-0.595367872035925	0.246480708685067	FALSE	None
RASA2/RASA3	1.20501094599002	0.604911511143254	0.0319362751924331	-0.600099434846769	0.139565386213008	FALSE	None
MED13/MED13L	-2.34354563017778	-2.94724428903467	0.216008118627792	-0.603698658856885	0.448579160089663	FALSE	None
MLXIP/MLXIPL	-0.172252453117841	-0.777430456055636	0.0532971859384616	-0.605178002937795	0.202591642456141	FALSE	None
FAM49A/FAM49B	0.496493103841726	-0.113495223971215	7.86820273820757e-05	-0.609988327812941	0.00232469626356133	TRUE	Sensitizer
TBC1D1/TBC1D4	0.408461160488502	-0.205005519687839	0.0559615691465394	-0.613466680176341	0.203212401928774	FALSE	None
BRAF/PEA15	0.116133867537132	-0.499053547153734	0.00935686782804674	-0.615187414690866	0.062700660703406	FALSE	None
CRELD1/CRELD2	0.220539544926583	-0.396753162552664	0.0243038774622728	-0.617292707479247	0.123418127738104	FALSE	None
CHD1/CHD2	-0.761969072658406	-1.37969703237166	0.0851519450404021	-0.617727959713255	0.267385334667929	FALSE	None
TOX/TOX2	-0.122495495803829	-0.741168874794861	0.0501221391155248	-0.618673378991032	0.196261388102959	FALSE	None
LCOR/LCORL	0.0690952811609192	-0.551588636851475	0.00649140665885279	-0.620683918012394	0.0484990152672909	FALSE	None
SCAF4/SCAF8	-0.767761225219572	-1.39366920599596	0.0972042381615088	-0.625907980776389	0.282065869665092	FALSE	None
SEC23A/SEC23B	-1.80256809868038	-2.4381688441609	0.342859832066028	-0.635600745480521	0.581876999589866	FALSE	None
NR2C1/NR2C2	0.104824202765884	-0.54264414093428	0.00173877763492192	-0.647468343700164	0.0185279584049057	FALSE	None
STAU1/STAU2	-0.0122401267086543	-0.659778989073687	0.00160952945595772	-0.647538862365033	0.0183078111132733	FALSE	None
EFHD1/EFHD2	0.460919242482393	-0.188032711932076	0.0930466180219924	-0.648951954414469	0.28000139682544	FALSE	None
MPRIP/TRIOBP	-1.50595490776355	-2.15762814513508	0.121949635018015	-0.65167323737153	0.326202727414443	FALSE	None
LDB1/LDB2	-0.70225347710163	-1.35599351893977	0.00722385154435779	-0.653740041838136	0.0521722611536952	FALSE	None
RNFT1/RNFT2	0.152531529828107	-0.508618682938756	0.0538368660381631	-0.661150212766863	0.203212401928774	FALSE	None
COQ10A/COQ10B	-1.53765661239991	-2.19898034903414	0.117082878437913	-0.661323736634226	0.318426238429471	FALSE	None
LYSMD3/LYSMD4	0.327784509675818	-0.339680633388616	0.000300627764942442	-0.667465143064434	0.00610650147539334	TRUE	Sensitizer
UCK1/UCK2	-0.521949036756931	-1.19714476276759	0.086958711497772	-0.675195726010658	0.269263992898328	FALSE	None
PGRMC1/PGRMC2	-0.213077366119611	-0.890469324791961	0.2882625058964	-0.67739195867235	0.527804588261015	FALSE	None
SLC44A1/SLC44A3	-0.0116987701743455	-0.692336023078962	0.00117456776200243	-0.680637252904617	0.0152693809060316	FALSE	None
NFKBID/NFKBIZ	0.0626879242007645	-0.623461543274529	0.0890301957343457	-0.686149467475294	0.274263636148458	FALSE	None
HIP1/HIP1R	-0.274326565590644	-0.960778105513568	0.00419749002679965	-0.686451539922924	0.035433357369088	FALSE	None
ATXN7/ATXN7L2	-0.439691937324512	-1.12644366440678	0.114683042507394	-0.686751727082272	0.314912738107432	FALSE	None
LMCD1/TES	0.206317991568206	-0.483485418911564	0.0728198007971953	-0.68980341047977	0.243983868650397	FALSE	None
PPP2R5C/PPP2R5D	0.324221213220305	-0.373066778140484	0.00771255879209227	-0.697287991360789	0.0550897056578019	FALSE	None
CDK12/CDK13	-2.92581873288005	-3.62774101322772	0.171858769786247	-0.701922280347671	0.394728623183959	FALSE	None
ARHGEF6/ARHGEF7	0.80588823767902	0.102089591512188	0.00198122895972998	-0.703798646166832	0.0204412511718172	FALSE	None
PLEKHB1/PLEKHB2	-0.244025135957483	-0.955373073309532	0.0477552002587891	-0.711347937352049	0.189273659562274	FALSE	None
RNF13/RNF167	0.17809663155198	-0.533749697017354	0.0135833152878134	-0.711846328569334	0.0810014214410891	FALSE	None
MBNL1/MBNL2	-0.137690277032986	-0.851201456310624	0.00341073120474472	-0.713511179277638	0.0312250039870996	FALSE	None
FMN1/FMN2	0.441330593100087	-0.274170010694886	0.000574076457424879	-0.715500603794973	0.00956794095708132	TRUE	Sensitizer
LBX1/LBX2	0.259997953514468	-0.464907760169575	0.00882482177905675	-0.724905713684043	0.0610227037913499	FALSE	None
FOXK1/FOXK2	-1.64875500897197	-2.37370093660978	0.124375458292097	-0.724945927637813	0.328359409000095	FALSE	None
DENND6A/DENND6B	-0.0897484250548588	-0.820937084174275	0.0679804398640006	-0.731188659119416	0.230142114122919	FALSE	None
LHX6/LHX8	0.548705994502174	-0.183464311510087	0.0135833152878134	-0.732170306012261	0.0810014214410891	FALSE	None
NEK6/NEK7	-0.117076144596099	-0.856000062042001	0.0664762277593267	-0.738923917445902	0.22983802150831	FALSE	None
RAB33A/RAB33B	0.475413952485219	-0.265483677048411	0.00319123569653291	-0.74089762953363	0.0312250039870996	FALSE	None
LRP1/LRP1B	-0.384841513599532	-1.13082417486362	0.0355081424433434	-0.74598266126409	0.150851585543616	FALSE	None
ATAD2/ATAD2B	-0.0591828846514178	-0.808984649410706	0.0033935372788444	-0.749801764759288	0.0312250039870996	FALSE	None
ABL1/ABL2	0.10015317853216	-0.652927363972081	0.00676255383690067	-0.753080542504241	0.0499506817498345	FALSE	None
KHDRBS1/KHDRBS3	0.657906019849899	-0.0988462882361286	0.000189423978228846	-0.756752308086028	0.00473559945572116	TRUE	Sensitizer
CHSY1/CHSY3	0.516583245176704	-0.243242095763897	0.00341073120474472	-0.759825340940601	0.0312250039870996	FALSE	None
FLNB/FLNC	0.126310157199625	-0.640729209962259	0.0336800249256798	-0.767039367161884	0.144991142814376	FALSE	None
VASH1/VASH2	0.175242482131619	-0.593060679660688	0.0112035166715312	-0.768303161792307	0.07200587880147	FALSE	None
FBLIM1/ZYX	0.0985871191345515	-0.682215391634082	0.112341449836199	-0.780802510768633	0.31339889439283	FALSE	None
MTMR10/MTMR12	0.293928567516863	-0.492516616922252	0.000606941928905475	-0.786445184439115	0.00986280634471396	TRUE	Sensitizer
SPECC1/SPECC1L	-1.33618396167462	-2.12809032136068	0.153095027379765	-0.791906359686061	0.372703250175457	FALSE	None
NOTCH1/NOTCH2	0.0213936404102011	-0.777684663797585	0.0482796869790336	-0.799078304207786	0.190192706281042	FALSE	None
SLK/STK10	0.376404172854315	-0.426476971309065	0.0039124858701399	-0.802881144163381	0.034366429940418	FALSE	None
COPZ1/COPZ2	-1.40281867383236	-2.20612475628795	0.0319362751924331	-0.803306082455586	0.139565386213008	FALSE	None
NIPAL1/NIPAL4	0.294245016724572	-0.514372736172267	0.0013766400292641	-0.808617752896838	0.0172080003658013	FALSE	None
FOXF1/FOXF2	0.0261001518509335	-0.78910937658825	0.00415419258347823	-0.815209528439183	0.035433357369088	FALSE	None
CHIC1/CHIC2	0.277747367492723	-0.544818106146545	0.0193695590781322	-0.822565473639268	0.103198470498246	FALSE	None
PRPF40A/PRPF40B	-2.64818324053406	-3.47488951996881	0.0649562540832344	-0.826706279434746	0.22699766211883	FALSE	None
PHKA1/PHKA2	0.586720896865345	-0.243642872047067	0.000141953835269923	-0.830363768912412	0.00370017769954587	TRUE	Sensitizer
UNK/UNKL	-0.234778293453266	-1.07315615126409	0.0303783230475287	-0.838377857810826	0.135245958773244	FALSE	None
EIF4G1/EIF4G3	-1.65623052054044	-2.495598750299	0.0832561482131764	-0.839368229758558	0.267385334667929	FALSE	None
EIF4E/EIF4E2	-2.07597705043461	-2.92160857238019	0.124457246364292	-0.845631521945581	0.328359409000095	FALSE	None
CUX1/CUX2	0.212896376289433	-0.634935064517441	0.110554262046589	-0.847831440806874	0.311083421343217	FALSE	None
FAM78A/FAM78B	0.0889219816617114	-0.764600065463625	0.024601508658074	-0.853522047125336	0.123961090137582	FALSE	None
FOXN2/FOXN3	-0.0508550906726891	-0.914635682659793	0.0016617859318202	-0.863780591987104	0.0183078111132733	FALSE	None
TXNRD1/TXNRD3	-2.53758392529814	-3.4100139031175	0.0303783230475287	-0.872429977819357	0.135245958773244	FALSE	None
CDK2/CDK3	-1.03723961918877	-1.92214012920136	0.0336825577922627	-0.884900510012587	0.144991142814376	FALSE	None
ETV1/ETV4	0.0362093938264007	-0.85321062220491	0.0177244672850267	-0.889420016031311	0.0976347774175202	FALSE	None
CCNE1/CDK2	-1.05607846849748	-1.94783239317673	0.00364388704124134	-0.891753924679256	0.032896202455651	FALSE	None
KLHL2/KLHL3	0.311903757816687	-0.591279191189173	7.86820273820757e-05	-0.90318294900586	0.00232469626356133	TRUE	Sensitizer
BTRC/FBXW11	-1.19074791608716	-2.11609904699981	0.02867113087527	-0.925351130912655	0.135045181658881	FALSE	None
POGZ/ZNF280D	0.00748227353316052	-0.92401166382318	0.000668126871438494	-0.93149393735634	0.010592255278903	FALSE	None
HNRNPR/SYNCRIP	-0.0462455077876573	-1.04160225979651	0.000492475861339445	-0.995356752008857	0.00889192527418442	TRUE	Sensitizer
TBX2/TBX3	-0.615443326118186	-1.61370188543401	0.000531819597672162	-0.99825855931582	0.00909691417070804	TRUE	Sensitizer
MBNL2/MBNL3	0.731540488835408	-0.273075441455583	2.1591496295101e-05	-1.00461593029099	0.000779692921767535	TRUE	Sensitizer
AHCYL1/AHCYL2	-0.421957227230342	-1.45911876432494	0.00187727955214626	-1.0371615370946	0.0196811565950817	FALSE	None
SEC24A/SEC24B	0.17064244732209	-0.89122503490834	0.000921372643126695	-1.06186748223043	0.0130193960441816	FALSE	None
DLG2/DLG3	0.45818617275241	-0.606431138691295	0.00202560790420011	-1.0646173114437	0.0205725802770324	FALSE	None
CUL4A/CUL4B	-1.44901406065558	-2.5211258006207	0.00882482177905675	-1.07211173996512	0.0610227037913499	FALSE	None
ARID1A/ARID1B	-1.3185612600186	-2.3927087566191	0.00341073120474472	-1.0741474966005	0.0312250039870996	FALSE	None
RALGAPA1/RALGAPA2	0.254688018024776	-0.823743080527049	3.82801156988584e-08	-1.07843109855182	4.14701253404299e-06	TRUE	Sensitizer
RBBP4/RBBP7	-1.92471666491824	-3.00608262192656	0.0105228779758647	-1.08136595700832	0.069089602871839	FALSE	None
TSPAN6/TSPAN7	0.690481810861278	-0.394580117964761	1.96306245332504e-07	-1.08506192882604	1.54838363633421e-05	TRUE	Sensitizer
BRD7/BRD9	-0.181801108404679	-1.28978912361718	9.85183584870512e-06	-1.1079880152125	0.000400230831353646	TRUE	Sensitizer
PAK2/PAK3	0.856873873660385	-0.262416420832569	1.71935483503684e-06	-1.11929029449295	7.98271887695676e-05	TRUE	Sensitizer
PPM1E/PPM1F	0.402893334194405	-0.73574997725278	0.00112202972898718	-1.13864331144719	0.0148840678335034	FALSE	None
WWC1/WWC2	0.701453149135309	-0.446801329468028	6.44660304197882e-07	-1.14825447860334	3.35678859103197e-05	TRUE	Sensitizer
STK3/STK4	0.122525564184369	-1.08199580197977	0.00149571994663957	-1.20452136616414	0.0176766902784676	FALSE	None
LLGL1/LLGL2	-0.369272440286926	-1.58201676150383	0.00288529379507247	-1.2127443212169	0.0288529379507247	FALSE	None
SMARCD1/SMARCD2	-1.93306870641015	-3.15634957604091	0.0048817418840157	-1.22328086963076	0.0396641528076275	FALSE	None
RAB9A/RAB9B	0.785829039058156	-0.485634058266927	2.51875428630894e-06	-1.27146309732508	0.000109146019073387	TRUE	Sensitizer
AMOT/AMOTL2	0.379815992745258	-1.09862753580688	1.88479741308199e-08	-1.47844352855214	2.45023663700658e-06	TRUE	Sensitizer
SETD1A/SETD1B	-1.60545055319198	-3.14999997613093	0.00690798524976384	-1.54454942293895	0.0504515776668146	FALSE	None
MBNL1/MBNL3	-0.140403329312396	-2.12203266369424	1.29435974251552e-10	-1.98162933438184	8.41333832635091e-08	TRUE	Sensitizer
